-- phpMyAdmin SQL Dump
-- version 4.8.5
-- https://www.phpmyadmin.net/
--
-- Host: localhost
-- Generation Time: May 01, 2019 at 05:58 AM
-- Server version: 10.1.38-MariaDB
-- PHP Version: 7.3.4

SET SQL_MODE = "NO_AUTO_VALUE_ON_ZERO";
SET AUTOCOMMIT = 0;
START TRANSACTION;
SET time_zone = "+00:00";


/*!40101 SET @OLD_CHARACTER_SET_CLIENT=@@CHARACTER_SET_CLIENT */;
/*!40101 SET @OLD_CHARACTER_SET_RESULTS=@@CHARACTER_SET_RESULTS */;
/*!40101 SET @OLD_COLLATION_CONNECTION=@@COLLATION_CONNECTION */;
/*!40101 SET NAMES utf8mb4 */;

--
-- Database: `eapi`
--

-- --------------------------------------------------------

--
-- Table structure for table `migrations`
--

CREATE TABLE `migrations` (
  `id` int(10) UNSIGNED NOT NULL,
  `migration` varchar(255) COLLATE utf8mb4_unicode_ci NOT NULL,
  `batch` int(11) NOT NULL
) ENGINE=InnoDB DEFAULT CHARSET=utf8mb4 COLLATE=utf8mb4_unicode_ci;

--
-- Dumping data for table `migrations`
--

INSERT INTO `migrations` (`id`, `migration`, `batch`) VALUES
(1, '2014_10_12_000000_create_users_table', 1),
(2, '2014_10_12_100000_create_password_resets_table', 1),
(3, '2019_05_01_023331_create_products_table', 1),
(4, '2019_05_01_023351_create_reviews_table', 1);

-- --------------------------------------------------------

--
-- Table structure for table `password_resets`
--

CREATE TABLE `password_resets` (
  `email` varchar(50) COLLATE utf8mb4_unicode_ci NOT NULL,
  `token` varchar(255) COLLATE utf8mb4_unicode_ci NOT NULL,
  `created_at` timestamp NULL DEFAULT NULL
) ENGINE=InnoDB DEFAULT CHARSET=utf8mb4 COLLATE=utf8mb4_unicode_ci;

-- --------------------------------------------------------

--
-- Table structure for table `products`
--

CREATE TABLE `products` (
  `id` int(10) UNSIGNED NOT NULL,
  `name` varchar(255) COLLATE utf8mb4_unicode_ci NOT NULL,
  `detail` text COLLATE utf8mb4_unicode_ci NOT NULL,
  `price` int(11) NOT NULL,
  `stock` int(11) NOT NULL,
  `discount` int(11) NOT NULL,
  `created_at` timestamp NULL DEFAULT NULL,
  `updated_at` timestamp NULL DEFAULT NULL
) ENGINE=InnoDB DEFAULT CHARSET=utf8mb4 COLLATE=utf8mb4_unicode_ci;

--
-- Dumping data for table `products`
--

INSERT INTO `products` (`id`, `name`, `detail`, `price`, `stock`, `discount`, `created_at`, `updated_at`) VALUES
(1, 'debitis', 'Deserunt dolorem perspiciatis sit cupiditate enim repellendus et. Enim harum assumenda et. Expedita voluptas error molestias autem velit occaecati. Odit inventore quibusdam mollitia illum in. Facere aperiam molestiae hic ab voluptas modi quia qui.', 508, 8, 24, '2019-04-30 19:39:44', '2019-04-30 19:39:44'),
(2, 'autem', 'Suscipit sit omnis a deserunt aperiam est facilis. Ut nostrum aut harum quo ut vel praesentium. Eligendi magnam non excepturi.', 326, 3, 4, '2019-04-30 19:39:44', '2019-04-30 19:39:44'),
(3, 'laudantium', 'Nulla aut deleniti quas dolor non dolorem sunt. Et unde tempora velit fuga. Nostrum voluptatem qui est et enim consequuntur animi. Sunt omnis dolores ut qui dicta corrupti qui ut.', 229, 7, 29, '2019-04-30 19:39:44', '2019-04-30 19:39:44'),
(4, 'nihil', 'Aut exercitationem dignissimos quia itaque. Est rerum nihil qui numquam voluptatem.', 154, 7, 2, '2019-04-30 19:39:44', '2019-04-30 19:39:44'),
(5, 'ea', 'Laboriosam laboriosam accusamus laborum commodi sit. Rerum sunt consequatur eos optio exercitationem. Ducimus qui deserunt consequatur iusto error autem. Cupiditate labore voluptates sit et dolore numquam.', 461, 8, 18, '2019-04-30 19:39:44', '2019-04-30 19:39:44'),
(6, 'vero', 'Officiis non consequatur in et eos inventore a. Natus velit ipsam unde quo incidunt ea voluptatem. Quasi officiis eligendi nemo provident. Non doloribus praesentium veritatis dolorem.', 733, 8, 22, '2019-04-30 19:39:44', '2019-04-30 19:39:44'),
(7, 'qui', 'Sint quia consequatur voluptas temporibus illum odit harum. Repellendus quis minima unde labore vitae rerum. Quod eligendi exercitationem doloremque recusandae consequatur sint laboriosam.', 176, 5, 2, '2019-04-30 19:39:44', '2019-04-30 19:39:44'),
(8, 'est', 'Vel soluta accusantium accusamus esse voluptatem excepturi. Velit sunt consequatur nostrum earum praesentium. Saepe omnis illum ut debitis voluptas quidem ut.', 272, 3, 7, '2019-04-30 19:39:44', '2019-04-30 19:39:44'),
(9, 'hic', 'Est est voluptatum minima aperiam nihil. Veniam iure quibusdam laudantium sed nemo. Autem beatae inventore blanditiis provident consectetur veniam. Quia magni hic atque fuga quis labore earum beatae. Rerum reprehenderit dolorum excepturi nostrum et.', 511, 2, 22, '2019-04-30 19:39:44', '2019-04-30 19:39:44'),
(10, 'omnis', 'Minus omnis reprehenderit aspernatur et adipisci quia sed autem. Aut voluptate officiis tenetur. Nulla error sed quos.', 567, 1, 7, '2019-04-30 19:39:44', '2019-04-30 19:39:44'),
(11, 'ipsum', 'Est quo unde quis qui fugit. Veritatis pariatur iure et odio recusandae fugit tenetur. Error quae dolores consequatur eius.', 957, 5, 30, '2019-04-30 19:39:44', '2019-04-30 19:39:44'),
(12, 'veritatis', 'Modi est voluptatem enim et explicabo asperiores. Optio ut quidem quam omnis aperiam. Eos repellendus nemo accusantium ut autem. Neque possimus nihil sed consequatur nam.', 258, 0, 21, '2019-04-30 19:39:44', '2019-04-30 19:39:44'),
(13, 'assumenda', 'Expedita eum vel occaecati dignissimos veritatis. Et qui commodi molestias esse aperiam reprehenderit. Commodi repellat voluptas nulla aut sit. Ut quis perspiciatis consequatur veritatis numquam placeat.', 212, 3, 20, '2019-04-30 19:39:44', '2019-04-30 19:39:44'),
(14, 'nobis', 'Soluta rerum provident provident. Quia qui ipsum repellat molestias et suscipit nemo. Vero voluptates sed qui.', 315, 4, 19, '2019-04-30 19:39:44', '2019-04-30 19:39:44'),
(15, 'eum', 'Numquam explicabo magnam iste. Explicabo et non quia culpa. Aut in sequi voluptatem quis ea.', 711, 9, 13, '2019-04-30 19:39:44', '2019-04-30 19:39:44'),
(16, 'eveniet', 'Explicabo harum minima vel. Voluptas quia dolores sapiente eveniet. Quis cupiditate laborum qui voluptatum beatae voluptas.', 200, 5, 5, '2019-04-30 19:39:44', '2019-04-30 19:39:44'),
(17, 'autem', 'Natus autem quis illum explicabo dolores pariatur nihil. Sequi expedita odit expedita dolorem. Dolorum quis doloribus ea quos numquam numquam.', 996, 5, 28, '2019-04-30 19:39:44', '2019-04-30 19:39:44'),
(18, 'fuga', 'Qui ipsam similique corrupti accusantium tempora quia. Inventore nisi adipisci quae ipsum. Voluptatem inventore in eos suscipit non sunt repellendus. Est mollitia ipsum omnis eligendi voluptas dolor et.', 169, 9, 8, '2019-04-30 19:39:44', '2019-04-30 19:39:44'),
(19, 'eum', 'Inventore illo tempore rem dolor et. Amet aut et blanditiis voluptate expedita. Molestiae temporibus ipsum et sit quibusdam iure cum.', 153, 8, 23, '2019-04-30 19:39:44', '2019-04-30 19:39:44'),
(20, 'ea', 'Non sit laudantium voluptas et quia iusto magnam. Ut ut sunt beatae consequatur reprehenderit est. Natus vero non sint. Aut explicabo est officia consequatur repudiandae eum asperiores. Ut qui corrupti possimus placeat est veritatis.', 629, 1, 14, '2019-04-30 19:39:44', '2019-04-30 19:39:44'),
(21, 'saepe', 'Maiores temporibus incidunt sunt delectus quaerat impedit. Expedita voluptatem ab exercitationem fugiat ab. Cumque veniam commodi eos dolor odit culpa hic. Id porro possimus cum hic molestiae.', 819, 3, 8, '2019-04-30 19:39:44', '2019-04-30 19:39:44'),
(22, 'nostrum', 'Est molestias praesentium quae dolorem. Quia aut quaerat ad nemo. Velit et non quaerat voluptates esse maiores. Quidem eos incidunt mollitia possimus repudiandae autem dignissimos.', 763, 5, 27, '2019-04-30 19:39:44', '2019-04-30 19:39:44'),
(23, 'iste', 'Quo quo velit perferendis quia. Omnis quibusdam sed a molestias et quo aut. Animi molestias numquam non id illum dolorem consequatur.', 435, 0, 21, '2019-04-30 19:39:45', '2019-04-30 19:39:45'),
(24, 'aspernatur', 'Ullam officia aliquam aspernatur explicabo harum molestias distinctio. Ipsa enim modi dolores exercitationem molestias quisquam.', 827, 4, 20, '2019-04-30 19:39:45', '2019-04-30 19:39:45'),
(25, 'delectus', 'Eos rem excepturi nisi recusandae quo ut dolores quia. Autem nihil id sed corrupti. Suscipit voluptatem voluptate consequatur doloremque. Id assumenda architecto molestias in.', 453, 6, 12, '2019-04-30 19:39:45', '2019-04-30 19:39:45'),
(26, 'laboriosam', 'Quae odit doloremque molestias omnis pariatur explicabo ab libero. Ab hic aliquam dignissimos deserunt rerum. Qui eligendi possimus incidunt et non non consequatur.', 266, 1, 23, '2019-04-30 19:39:45', '2019-04-30 19:39:45'),
(27, 'ut', 'Ut sed illum deserunt nesciunt commodi. Fugit est non et quisquam nesciunt. Minima et magnam atque aut sint fugiat consequatur. Non qui non repudiandae nostrum accusantium unde sit ducimus.', 942, 7, 22, '2019-04-30 19:39:45', '2019-04-30 19:39:45'),
(28, 'velit', 'Et quae vel soluta debitis quaerat et. Assumenda qui dolorum excepturi possimus atque. Pariatur assumenda ipsa aut at.', 148, 7, 12, '2019-04-30 19:39:45', '2019-04-30 19:39:45'),
(29, 'neque', 'Aliquid consequuntur in nulla qui aliquam quasi. Vel rem suscipit explicabo repellendus ad animi nobis. Ut autem dignissimos maxime praesentium nesciunt.', 183, 0, 19, '2019-04-30 19:39:45', '2019-04-30 19:39:45'),
(30, 'reiciendis', 'Maiores quo eaque ut quia sit. Sit et similique pariatur. Voluptate ab tempore rem. Assumenda deserunt velit atque nihil qui voluptatem.', 697, 6, 12, '2019-04-30 19:39:45', '2019-04-30 19:39:45'),
(31, 'molestias', 'Quis occaecati odio sit. Cupiditate delectus qui harum. Tempore doloremque exercitationem et veritatis quisquam tempora vitae. Eligendi dolorem eum eius amet commodi.', 617, 9, 23, '2019-04-30 19:39:45', '2019-04-30 19:39:45'),
(32, 'illum', 'Dicta eos eum animi ullam. Quisquam quia eaque ea ut quis impedit quia. Deserunt ducimus voluptate eveniet officia praesentium voluptate.', 557, 5, 23, '2019-04-30 19:39:45', '2019-04-30 19:39:45'),
(33, 'consectetur', 'Delectus sit voluptas aperiam doloribus. Et tempore saepe dolorem qui sint molestiae non. Omnis quasi minus maxime incidunt error nam unde necessitatibus.', 612, 1, 3, '2019-04-30 19:39:45', '2019-04-30 19:39:45'),
(34, 'nobis', 'Atque vitae dolor cupiditate ut sint. Quo nesciunt voluptate quo et. Vero ut aut sequi facere sit.', 247, 5, 17, '2019-04-30 19:39:45', '2019-04-30 19:39:45'),
(35, 'voluptas', 'Sit cum quis dolor praesentium. Dolorem totam voluptates mollitia adipisci modi. Omnis ut facilis sequi veritatis et sed.', 491, 2, 19, '2019-04-30 19:39:45', '2019-04-30 19:39:45'),
(36, 'rerum', 'At quod voluptas et nisi omnis ea mollitia. Quas rerum ab molestiae id perferendis provident tempore. Quis qui sapiente et velit.', 878, 6, 30, '2019-04-30 19:39:45', '2019-04-30 19:39:45'),
(37, 'quam', 'Eligendi ipsam minima expedita veniam dolorem quo. At delectus voluptas quia nam. Nam quos placeat quibusdam quibusdam velit corporis. Voluptates eum perferendis quia. Consectetur incidunt ut accusamus ex sed.', 912, 2, 28, '2019-04-30 19:39:45', '2019-04-30 19:39:45'),
(38, 'minus', 'Voluptas non commodi qui dolor aperiam ut culpa. A unde facilis autem eligendi et aut. Occaecati veniam est fuga et sit cum aperiam. Corrupti quibusdam assumenda asperiores non.', 938, 1, 3, '2019-04-30 19:39:45', '2019-04-30 19:39:45'),
(39, 'numquam', 'Dolorem perferendis blanditiis et. Quia eius voluptate sunt. Quod accusantium ut repellendus qui quia aut quia. Velit iure et modi non repudiandae fuga minus.', 301, 2, 15, '2019-04-30 19:39:45', '2019-04-30 19:39:45'),
(40, 'voluptatem', 'Libero natus voluptatem architecto dolore. Sed optio ipsam et voluptatem facere blanditiis. Et sunt eos harum quos maxime at molestiae. Occaecati cumque inventore accusantium quod ea veniam.', 126, 3, 22, '2019-04-30 19:39:45', '2019-04-30 19:39:45'),
(41, 'sint', 'Est molestias inventore aut tenetur officiis. Qui voluptas et quas. Est sit placeat et velit ab.', 743, 5, 29, '2019-04-30 19:39:45', '2019-04-30 19:39:45'),
(42, 'tenetur', 'Commodi qui eligendi quo non ut quia. Quia quas qui sint sunt sapiente ipsa aut illum. Dicta numquam expedita voluptatem non reprehenderit dolorum facilis. Quia tempora harum iste sunt molestiae sit quasi.', 476, 8, 17, '2019-04-30 19:39:45', '2019-04-30 19:39:45'),
(43, 'et', 'Autem illo quidem ex voluptates expedita. Molestiae molestiae ut voluptas et voluptate architecto. Sed quidem rerum facilis.', 859, 8, 13, '2019-04-30 19:39:45', '2019-04-30 19:39:45'),
(44, 'et', 'Consequatur ex culpa quaerat voluptas id beatae quod. Voluptatem eos voluptas corrupti doloremque. Fugit inventore pariatur temporibus ea ut qui. Itaque nesciunt maiores in quaerat quis.', 718, 1, 28, '2019-04-30 19:39:45', '2019-04-30 19:39:45'),
(45, 'commodi', 'Consequatur et quod doloremque placeat animi. Eum molestiae nisi et voluptate quas quo delectus. Dolore aliquam deserunt voluptatem qui aperiam nostrum sed.', 586, 5, 25, '2019-04-30 19:39:45', '2019-04-30 19:39:45'),
(46, 'ut', 'Aspernatur omnis sint sed maxime voluptas. Nihil fugit architecto explicabo molestiae aut. Vitae et quia commodi pariatur quas reiciendis. Excepturi ut officia dicta molestiae neque.', 217, 1, 24, '2019-04-30 19:39:45', '2019-04-30 19:39:45'),
(47, 'aut', 'Fugit vero quis non id quam. Iusto quia unde eum alias. Quibusdam expedita quia non est occaecati.', 261, 4, 25, '2019-04-30 19:39:45', '2019-04-30 19:39:45'),
(48, 'eum', 'Quae corporis vero enim consequuntur qui ab. Ut in perferendis fugiat accusantium nihil consequatur asperiores. Ipsum qui alias id voluptates inventore. Doloribus autem expedita dolores.', 538, 7, 20, '2019-04-30 19:39:45', '2019-04-30 19:39:45'),
(49, 'beatae', 'Quae minus velit velit laborum veritatis. Amet perspiciatis velit quidem accusamus magni praesentium dolores. Ea et qui consequatur asperiores sit.', 407, 7, 12, '2019-04-30 19:39:45', '2019-04-30 19:39:45'),
(50, 'quas', 'Vero voluptas aliquid atque tempora. Voluptatem nam et provident cumque dolor ex a dolor.', 507, 4, 8, '2019-04-30 19:39:45', '2019-04-30 19:39:45'),
(51, 'ratione', 'Commodi necessitatibus praesentium iste neque vero. Incidunt doloremque ipsa temporibus veritatis tenetur qui aliquam quidem.', 254, 2, 18, '2019-04-30 19:40:20', '2019-04-30 19:40:20'),
(52, 'sed', 'Iure ipsum non facere dolores est nulla unde. Repellendus numquam possimus quos magni quis voluptatem. Et perspiciatis est quo ipsum voluptas. Praesentium est rerum facere id.', 584, 8, 9, '2019-04-30 19:40:20', '2019-04-30 19:40:20'),
(53, 'hic', 'Quod maiores earum excepturi. Voluptates est veritatis quis ut. Molestiae possimus dolor expedita necessitatibus autem dolores facere.', 448, 1, 14, '2019-04-30 19:40:20', '2019-04-30 19:40:20'),
(54, 'dolorem', 'Ex explicabo nam et ullam quia doloremque quod. Doloremque est labore cupiditate quae.', 136, 6, 11, '2019-04-30 19:40:20', '2019-04-30 19:40:20'),
(55, 'distinctio', 'Beatae nisi dignissimos aliquid laborum. Perspiciatis eligendi nobis temporibus beatae perspiciatis dolorem quasi. Architecto deserunt vel quasi. Id et quis nemo labore quia.', 392, 2, 10, '2019-04-30 19:40:20', '2019-04-30 19:40:20'),
(56, 'voluptate', 'Qui sed autem ut. Consequuntur dicta sint voluptatem eius dolore aliquam accusantium. Consequatur sunt sunt sint dolor.', 993, 3, 14, '2019-04-30 19:40:20', '2019-04-30 19:40:20'),
(57, 'animi', 'Tempore ipsam aliquam officiis. Aut est cupiditate non repudiandae. Eveniet et enim totam veritatis eius aliquid. Et minima ab velit dicta vitae.', 397, 2, 2, '2019-04-30 19:40:20', '2019-04-30 19:40:20'),
(58, 'et', 'Laboriosam corrupti iste et doloremque illo ut illo voluptas. Blanditiis ipsum eaque eius at. Omnis praesentium a et unde soluta. Voluptatem hic est vel reprehenderit quas.', 368, 2, 17, '2019-04-30 19:40:20', '2019-04-30 19:40:20'),
(59, 'quia', 'Nemo necessitatibus voluptatem rerum autem. Qui quis quisquam nemo nihil. Ut et nobis ducimus non. Ipsum nam vel nobis velit sed facere aut blanditiis.', 856, 7, 5, '2019-04-30 19:40:21', '2019-04-30 19:40:21'),
(60, 'ipsum', 'Atque officiis laboriosam et pariatur. Molestiae harum quasi et laudantium deserunt similique consectetur.', 756, 1, 26, '2019-04-30 19:40:21', '2019-04-30 19:40:21'),
(61, 'libero', 'Quia ut voluptas molestiae error. Non odit sed dignissimos excepturi. Vero nam exercitationem voluptates atque dignissimos eos aut. Vero omnis ut unde quo assumenda quia voluptas quibusdam.', 618, 6, 24, '2019-04-30 19:40:21', '2019-04-30 19:40:21'),
(62, 'aliquid', 'Rerum sed vel ea iure totam. Minus perferendis rerum possimus incidunt libero quo iusto. In placeat id expedita eligendi. Aut quibusdam dignissimos aut modi mollitia dolorum. Ratione ut consectetur magni aut.', 165, 5, 26, '2019-04-30 19:40:21', '2019-04-30 19:40:21'),
(63, 'deleniti', 'Vel a possimus sapiente praesentium. Et et vitae illum quia. Quis blanditiis consectetur ut reprehenderit consequatur delectus.', 256, 5, 23, '2019-04-30 19:40:21', '2019-04-30 19:40:21'),
(64, 'cupiditate', 'Numquam aspernatur consequatur et alias consequatur. Tenetur et voluptas ullam tempore velit reprehenderit dolor. Sit ut harum molestias pariatur est est et. Et totam dolorem rem eos minima laborum voluptate. Qui vitae est non et recusandae.', 238, 2, 12, '2019-04-30 19:40:21', '2019-04-30 19:40:21'),
(65, 'molestiae', 'Eaque sunt exercitationem amet inventore non sit. Ex omnis maxime id non. Laboriosam quis incidunt qui. Blanditiis illum consequuntur quis sed.', 674, 8, 7, '2019-04-30 19:40:21', '2019-04-30 19:40:21'),
(66, 'aperiam', 'Perspiciatis consequatur eligendi aut minus. Ut laboriosam est doloribus quasi et et. Eveniet nulla deleniti velit exercitationem temporibus.', 502, 1, 18, '2019-04-30 19:40:21', '2019-04-30 19:40:21'),
(67, 'nobis', 'Et iure deleniti at eveniet laudantium omnis quia. Et eius necessitatibus culpa a consectetur officiis eveniet. Est minima ea vero soluta omnis id. Velit aliquid modi sed quo.', 461, 5, 30, '2019-04-30 19:40:21', '2019-04-30 19:40:21'),
(68, 'unde', 'Quaerat aliquam dignissimos est qui ea. Error error libero eveniet magnam. Totam autem consequatur et dolorem. Expedita possimus reprehenderit eum maiores aut illo est illo.', 899, 4, 13, '2019-04-30 19:40:21', '2019-04-30 19:40:21'),
(69, 'ullam', 'Exercitationem quia fugit quo sunt ut. Quam magni doloribus id vel reiciendis veritatis. Voluptatum quia aliquid id ut.', 291, 8, 11, '2019-04-30 19:40:21', '2019-04-30 19:40:21'),
(70, 'eum', 'Veritatis quo ut cupiditate qui pariatur a voluptatem. Esse beatae ipsam eligendi aut qui qui velit. Voluptates et exercitationem consequatur qui minus quibusdam. Veniam et recusandae unde quas debitis delectus vel.', 602, 7, 19, '2019-04-30 19:40:21', '2019-04-30 19:40:21'),
(71, 'ut', 'Dolorem eum esse sed velit et. Et deleniti quasi adipisci repudiandae pariatur. Modi debitis quo quibusdam at praesentium atque officiis accusamus. Nisi libero fugiat unde molestias.', 953, 3, 4, '2019-04-30 19:40:21', '2019-04-30 19:40:21'),
(72, 'eum', 'Ut quia dolorum alias saepe voluptatem accusamus. At ea a mollitia reprehenderit cumque harum. Qui et officia omnis est sapiente accusantium quia. Iusto ut incidunt necessitatibus suscipit quaerat aut mollitia.', 187, 5, 20, '2019-04-30 19:40:21', '2019-04-30 19:40:21'),
(73, 'et', 'Dolores perspiciatis asperiores nostrum. Voluptatem et quia qui quis et dolor. Id a est illum accusamus voluptatum at. Perspiciatis consectetur nostrum vel eius totam in voluptatem. A fuga voluptas quia porro voluptatem quia.', 534, 5, 30, '2019-04-30 19:40:21', '2019-04-30 19:40:21'),
(74, 'nisi', 'Consequatur quisquam tempore aliquid explicabo. Totam eius quo neque placeat necessitatibus ducimus nulla et. Aut consequatur est vitae suscipit illum ipsa. Et illum nesciunt corporis ad quis.', 857, 2, 16, '2019-04-30 19:40:21', '2019-04-30 19:40:21'),
(75, 'rerum', 'Dolores laudantium dolorum omnis quam nesciunt minima iure. Et reprehenderit rerum non maxime suscipit est. Voluptatibus minima magnam nisi inventore ut nulla. Qui laudantium quia officiis voluptatem libero doloribus soluta.', 192, 0, 27, '2019-04-30 19:40:21', '2019-04-30 19:40:21'),
(76, 'maiores', 'Mollitia labore eum architecto pariatur perferendis eum. Expedita asperiores omnis doloribus sed. Sed rem numquam sed aut. Vel pariatur nulla quod.', 989, 5, 26, '2019-04-30 19:40:21', '2019-04-30 19:40:21'),
(77, 'similique', 'Consequatur ut at explicabo et et corrupti. Ad sit consequuntur consectetur est laborum ut sed molestiae. Quam fuga unde a quia.', 287, 9, 24, '2019-04-30 19:40:21', '2019-04-30 19:40:21'),
(78, 'consequatur', 'A et ipsum quia qui incidunt ducimus dignissimos. Tempora voluptatem ut dolorem quibusdam fugit aut nobis tempore. Omnis ullam est aut libero. Illo blanditiis eaque unde perspiciatis quia.', 662, 3, 29, '2019-04-30 19:40:21', '2019-04-30 19:40:21'),
(79, 'voluptatem', 'Voluptatem illo ut architecto aut illum id. Repudiandae qui aperiam veniam vel. Accusamus et accusamus totam ipsam.', 305, 6, 25, '2019-04-30 19:40:21', '2019-04-30 19:40:21'),
(80, 'sed', 'Velit quo iusto dicta quae ad accusamus sed et. Repellat qui libero quia dolores. Impedit molestiae architecto dolorem mollitia animi asperiores facere. Voluptates a natus facilis voluptatem illo aut.', 324, 6, 17, '2019-04-30 19:40:21', '2019-04-30 19:40:21'),
(81, 'minus', 'Dicta rerum dolores commodi. Quos rerum quisquam ipsa soluta molestias optio molestiae quaerat. Sunt nulla facilis suscipit recusandae quod quo dolores sed.', 1000, 8, 13, '2019-04-30 19:40:21', '2019-04-30 19:40:21'),
(82, 'enim', 'Illo natus molestiae eaque maiores impedit fuga nam. Consequatur quasi quae in vero eligendi aut voluptatem. Ex eum hic consequatur vitae. Voluptatem ea enim est accusamus.', 456, 3, 30, '2019-04-30 19:40:21', '2019-04-30 19:40:21'),
(83, 'qui', 'Facilis rerum eos quis explicabo magnam qui. Totam ut aut ut dolor. Qui magni ut odio est quae cupiditate repudiandae.', 603, 0, 9, '2019-04-30 19:40:21', '2019-04-30 19:40:21'),
(84, 'eum', 'Vero aliquid qui voluptatem unde enim aliquid maiores. Ut fugit optio sed vero repellendus qui temporibus. Quidem sint deleniti aut quis veniam cum dolor.', 579, 4, 26, '2019-04-30 19:40:21', '2019-04-30 19:40:21'),
(85, 'molestiae', 'Explicabo in perspiciatis et et ea nihil quibusdam. Debitis temporibus repellendus laudantium sint necessitatibus tempore placeat eum.', 958, 6, 24, '2019-04-30 19:40:22', '2019-04-30 19:40:22'),
(86, 'nemo', 'Nobis omnis et eveniet. Est repudiandae odit qui quo est aut accusantium. Minus numquam sed id incidunt. Necessitatibus consequatur eum reprehenderit dolorem provident et.', 621, 0, 5, '2019-04-30 19:40:22', '2019-04-30 19:40:22'),
(87, 'quia', 'Laudantium omnis ut qui. Debitis tempore occaecati quis corrupti et. Consequuntur velit omnis est voluptates. Atque atque qui vel fugiat eum.', 610, 4, 27, '2019-04-30 19:40:22', '2019-04-30 19:40:22'),
(88, 'ex', 'Earum omnis nobis maxime maxime magnam. Fuga voluptates omnis consectetur consectetur nam. Aliquid qui laborum mollitia. Earum qui molestiae voluptatem eveniet et.', 469, 3, 25, '2019-04-30 19:40:22', '2019-04-30 19:40:22'),
(89, 'natus', 'Quia deleniti perspiciatis ipsum ex officia corporis natus. Non ipsam et asperiores autem fugit maiores. Non aut officia consequatur sit. Et vitae cumque quis similique excepturi et et.', 835, 5, 9, '2019-04-30 19:40:22', '2019-04-30 19:40:22'),
(90, 'dignissimos', 'Reprehenderit sit veniam adipisci. Quia voluptatum distinctio sint omnis sunt vero quo. Eum omnis inventore qui consequuntur eius quidem. Error accusantium adipisci et quo sunt ratione.', 286, 3, 11, '2019-04-30 19:40:22', '2019-04-30 19:40:22'),
(91, 'delectus', 'Eos explicabo officia mollitia hic. Dolorem rerum consectetur sapiente consequatur eius et quaerat. Veniam odio animi sit et.', 782, 0, 4, '2019-04-30 19:40:22', '2019-04-30 19:40:22'),
(92, 'autem', 'Officiis ipsa eveniet corporis adipisci est dignissimos. Et et ex molestiae iure eum recusandae eos. Assumenda quia eum quaerat vel porro deserunt laborum. Porro aut nemo id omnis rem et incidunt.', 245, 1, 28, '2019-04-30 19:40:22', '2019-04-30 19:40:22'),
(93, 'ut', 'Sed et temporibus et non. Omnis aspernatur sit commodi culpa quis molestiae similique veritatis. Beatae temporibus ab qui vel eos.', 732, 0, 16, '2019-04-30 19:40:22', '2019-04-30 19:40:22'),
(94, 'non', 'Soluta et sit architecto ad. Consequuntur rerum delectus dicta aut vitae facilis a vel. Sint voluptatem possimus autem dolorum aut magni quas quo. Dolorem voluptas necessitatibus enim itaque velit.', 498, 2, 30, '2019-04-30 19:40:22', '2019-04-30 19:40:22'),
(95, 'nam', 'Minus eius consequatur quasi quia asperiores libero ut. Id officia excepturi molestiae et. Cum quo animi inventore dolor.', 314, 3, 27, '2019-04-30 19:40:22', '2019-04-30 19:40:22'),
(96, 'consectetur', 'Molestiae necessitatibus recusandae aut cumque. Est et consequatur aperiam velit. Quo saepe repellendus dignissimos in saepe magnam. Aut autem doloremque consequatur porro blanditiis corrupti.', 649, 4, 16, '2019-04-30 19:40:22', '2019-04-30 19:40:22'),
(97, 'eos', 'Ut velit est ab et itaque quo. Consectetur asperiores et commodi. Soluta debitis at sit ad et. Reprehenderit minus natus animi sed.', 863, 2, 28, '2019-04-30 19:40:22', '2019-04-30 19:40:22'),
(98, 'quasi', 'Labore aliquam ex dolorem quibusdam. Sed officia voluptas ut tempore voluptates. Culpa sit qui ipsa architecto quae. Nam pariatur magnam nam nobis.', 340, 4, 6, '2019-04-30 19:40:22', '2019-04-30 19:40:22'),
(99, 'tempora', 'Aspernatur et illum aperiam quia fugit. Ea eligendi sint neque debitis et. Dolore sit inventore eligendi alias. Et corporis id consectetur.', 719, 6, 10, '2019-04-30 19:40:22', '2019-04-30 19:40:22'),
(100, 'ipsum', 'Eos quo magni placeat nesciunt ut vel. Perspiciatis repellendus ipsum repudiandae perspiciatis natus ipsam et.', 715, 4, 20, '2019-04-30 19:40:22', '2019-04-30 19:40:22'),
(101, 'ut', 'Sint molestiae et labore. Atque eaque et voluptates eos consequatur dolorem sed. Provident sunt minus accusantium eveniet unde voluptatem. Maxime earum consequatur cumque eaque. Iste in asperiores sunt nemo fugit nihil dolorum.', 746, 6, 12, '2019-04-30 19:40:27', '2019-04-30 19:40:27'),
(102, 'qui', 'Rem voluptatum fugit veritatis quia error. Nobis facere quia necessitatibus hic dolorum et. Et dolores et voluptas pariatur est soluta sapiente quo.', 762, 8, 18, '2019-04-30 19:40:27', '2019-04-30 19:40:27'),
(103, 'voluptas', 'Consectetur cumque aspernatur sit molestias. Quibusdam aut voluptates doloribus odit porro in necessitatibus aperiam. Neque quia ut deserunt sunt labore.', 798, 6, 27, '2019-04-30 19:40:27', '2019-04-30 19:40:27'),
(104, 'id', 'Perspiciatis ut unde delectus hic quia. Pariatur nihil sunt nam temporibus. Ipsa eos provident suscipit est ea occaecati accusantium. Mollitia exercitationem eaque ipsum est.', 819, 6, 7, '2019-04-30 19:40:27', '2019-04-30 19:40:27'),
(105, 'officia', 'Adipisci illum nostrum aut animi voluptates id delectus accusamus. A voluptatem non nemo quis qui id fuga. Quia modi ea rerum provident voluptas qui velit. Rerum ut autem occaecati perferendis.', 753, 8, 16, '2019-04-30 19:40:27', '2019-04-30 19:40:27'),
(106, 'dolorem', 'Nesciunt sit debitis rerum sed qui nulla aut. Asperiores qui laborum aperiam dignissimos. Optio repellendus consequatur suscipit quae et. Voluptatem molestiae libero eius nemo qui illum sunt voluptatem. Voluptates sed officiis quo officiis dignissimos.', 500, 3, 5, '2019-04-30 19:40:27', '2019-04-30 19:40:27'),
(107, 'qui', 'Dolorem soluta dolore possimus aut inventore voluptas. Fugit reprehenderit quos et sunt recusandae aliquid temporibus.', 931, 4, 25, '2019-04-30 19:40:27', '2019-04-30 19:40:27'),
(108, 'et', 'Repellendus expedita hic adipisci qui non aut vel. Neque ad nihil enim dolor. Animi dolor magnam voluptatum tempora. Minima consequatur voluptatem magnam sed pariatur enim.', 938, 0, 20, '2019-04-30 19:40:27', '2019-04-30 19:40:27'),
(109, 'cum', 'Quia et magnam natus necessitatibus totam molestias fuga iste. Consequuntur rerum eveniet dolor aut fuga omnis. Dolores soluta aspernatur dolores quia. Possimus sunt quasi saepe dicta nulla.', 656, 3, 28, '2019-04-30 19:40:27', '2019-04-30 19:40:27'),
(110, 'aliquam', 'Et aliquid magnam dolor. Et quia voluptatem facere consequuntur qui voluptas tempora. Consequatur odit in expedita sed.', 408, 2, 19, '2019-04-30 19:40:27', '2019-04-30 19:40:27'),
(111, 'assumenda', 'Magni sed omnis eos. Esse porro doloremque eius. Maiores quis est excepturi hic itaque corrupti unde corporis. Aliquam sed porro vel.', 565, 5, 11, '2019-04-30 19:40:27', '2019-04-30 19:40:27'),
(112, 'aliquam', 'Minus voluptatem et in incidunt autem assumenda voluptatem. Iste ratione provident totam consequatur et facere voluptas. Velit non ipsa voluptatem.', 615, 1, 2, '2019-04-30 19:40:27', '2019-04-30 19:40:27'),
(113, 'tempora', 'Delectus minima omnis distinctio. Repellendus exercitationem sed sit atque. Rerum asperiores eos ullam consequatur. Aut aliquam assumenda voluptatibus necessitatibus.', 891, 4, 24, '2019-04-30 19:40:28', '2019-04-30 19:40:28'),
(114, 'dolores', 'Sint sequi amet occaecati reprehenderit aliquam ut vero. Non necessitatibus distinctio dolor aut enim adipisci qui. Nulla quas expedita sit.', 475, 0, 8, '2019-04-30 19:40:28', '2019-04-30 19:40:28'),
(115, 'optio', 'Et omnis minima dignissimos consequuntur. Itaque quos a aliquam velit aut. Molestiae aut similique distinctio quo nulla esse.', 502, 2, 15, '2019-04-30 19:40:28', '2019-04-30 19:40:28'),
(116, 'ex', 'Aliquam fuga hic ex quasi voluptas. Ut doloremque quibusdam cum occaecati cum molestiae et sint. Tenetur nihil nulla voluptatem eveniet quis quia quaerat. Cumque deserunt eos suscipit est alias consequatur doloremque.', 618, 0, 11, '2019-04-30 19:40:28', '2019-04-30 19:40:28'),
(117, 'error', 'Voluptatem a velit est id. Quia nihil voluptatum libero.', 309, 2, 4, '2019-04-30 19:40:28', '2019-04-30 19:40:28'),
(118, 'quasi', 'Consequuntur est odio sed earum itaque quibusdam voluptas. Aut earum fugit sit voluptatibus ipsum voluptatem. Aut ut dignissimos nesciunt exercitationem ut corporis.', 779, 3, 3, '2019-04-30 19:40:28', '2019-04-30 19:40:28'),
(119, 'provident', 'Tempora sed dolores error sint. Deserunt odit dicta et voluptas incidunt vel ut. Culpa accusantium est autem incidunt et inventore aut. Alias explicabo cupiditate molestias exercitationem molestiae voluptas expedita. Alias ut incidunt ab ex.', 724, 8, 7, '2019-04-30 19:40:28', '2019-04-30 19:40:28'),
(120, 'necessitatibus', 'Alias vel sed sint quod illo consequatur nulla. Eaque sit consequatur libero cupiditate laudantium quisquam ea aut.', 459, 1, 11, '2019-04-30 19:40:28', '2019-04-30 19:40:28'),
(121, 'non', 'Tempore quis ut in voluptates ut ex incidunt. Necessitatibus dolor corrupti est et. Quos recusandae eum veritatis est.', 558, 3, 15, '2019-04-30 19:40:28', '2019-04-30 19:40:28'),
(122, 'doloremque', 'In nemo aut et. Aspernatur voluptas accusamus error natus est vero. Id quia omnis quae et esse illum. Ut voluptatem culpa et.', 484, 9, 5, '2019-04-30 19:40:28', '2019-04-30 19:40:28'),
(123, 'et', 'Sed vitae dicta aut non ratione. Voluptas voluptatem voluptatibus et vel minima. Quibusdam aut praesentium impedit quos sed et. Qui dignissimos sed dolorem totam velit corporis culpa sed.', 190, 3, 30, '2019-04-30 19:40:28', '2019-04-30 19:40:28'),
(124, 'iusto', 'Molestiae beatae ut possimus. Error ad vitae iste maiores voluptates maiores. Consequatur officia atque dolorum voluptatem.', 422, 7, 15, '2019-04-30 19:40:28', '2019-04-30 19:40:28'),
(125, 'tempore', 'Laborum rerum rem omnis aliquam sunt repellat modi. Odit debitis odit deserunt ipsam dolores blanditiis ducimus. Optio unde animi alias quaerat et doloribus ipsam. Adipisci nihil itaque consequuntur ut.', 210, 9, 19, '2019-04-30 19:40:28', '2019-04-30 19:40:28'),
(126, 'nisi', 'Vel soluta mollitia sit ea sequi vel. Alias error velit distinctio consequatur ut. Iure aperiam eum praesentium modi sequi non et.', 352, 6, 30, '2019-04-30 19:40:28', '2019-04-30 19:40:28'),
(127, 'autem', 'Quo sint et odio accusantium dolore. Voluptas minima reiciendis quia corrupti enim unde officia. Rerum et suscipit enim eum occaecati rerum earum.', 375, 1, 20, '2019-04-30 19:40:28', '2019-04-30 19:40:28'),
(128, 'facilis', 'Rerum sed explicabo animi fugiat sunt ut. Autem qui voluptates sapiente. Qui ad voluptatibus sit omnis officia.', 730, 4, 30, '2019-04-30 19:40:28', '2019-04-30 19:40:28'),
(129, 'quae', 'Ea rerum dolor repellat nisi voluptas. Qui incidunt assumenda libero repellendus quod vero accusamus. Sed rerum neque nobis.', 309, 4, 14, '2019-04-30 19:40:28', '2019-04-30 19:40:28'),
(130, 'recusandae', 'Qui quia repellendus corrupti eveniet provident autem facere. Est optio aliquam velit velit aut ut repudiandae. Labore alias similique ut aut.', 786, 8, 5, '2019-04-30 19:40:28', '2019-04-30 19:40:28'),
(131, 'ducimus', 'Reiciendis quam molestias rem at. Illo nostrum ipsum officia sunt distinctio velit eos doloribus. Cumque voluptatem accusantium culpa quasi. Esse quibusdam dicta quibusdam tempore impedit.', 946, 0, 9, '2019-04-30 19:40:28', '2019-04-30 19:40:28'),
(132, 'facilis', 'Harum ea dolores atque non minima similique. Harum aut doloribus blanditiis voluptatum quaerat quo pariatur consequatur. Assumenda sunt voluptas sit excepturi aspernatur deleniti.', 1000, 8, 9, '2019-04-30 19:40:28', '2019-04-30 19:40:28'),
(133, 'quia', 'Nesciunt eos non doloribus veniam et vel aliquid magnam. Cupiditate perspiciatis laudantium nulla maxime inventore delectus. Facere ut blanditiis omnis non ea ratione.', 651, 8, 6, '2019-04-30 19:40:28', '2019-04-30 19:40:28'),
(134, 'deleniti', 'Et accusamus suscipit voluptates rerum. Dignissimos voluptas ad nobis quis amet ab voluptate aut.', 191, 8, 19, '2019-04-30 19:40:28', '2019-04-30 19:40:28'),
(135, 'nemo', 'Suscipit autem repudiandae quibusdam reiciendis. Et facilis eos non autem. Sit corporis illum doloribus odio consequuntur culpa nobis atque. Quidem fugit distinctio et vel et sit.', 623, 8, 14, '2019-04-30 19:40:28', '2019-04-30 19:40:28'),
(136, 'laboriosam', 'Minus fuga magnam quas. Ad aut maxime voluptas adipisci. Tempore quibusdam labore esse et minus sequi. Iure voluptates ut harum amet nihil.', 777, 6, 7, '2019-04-30 19:40:28', '2019-04-30 19:40:28'),
(137, 'sunt', 'Esse qui nihil inventore qui consectetur ducimus. Adipisci numquam nam qui. Neque voluptates qui et quia ipsum quos.', 570, 4, 18, '2019-04-30 19:40:28', '2019-04-30 19:40:28'),
(138, 'veniam', 'Error praesentium minus similique ex harum molestiae deserunt. Voluptates aut est facilis similique dolor earum. Omnis et ullam enim sed. Vel minima rem earum aut.', 749, 7, 25, '2019-04-30 19:40:28', '2019-04-30 19:40:28'),
(139, 'esse', 'Quos labore omnis non repellat. Ipsum perferendis quo quisquam et vitae. Incidunt distinctio earum est at.', 961, 2, 13, '2019-04-30 19:40:28', '2019-04-30 19:40:28'),
(140, 'aperiam', 'Ex culpa ducimus nihil consequatur perspiciatis et sed. Est asperiores consequuntur quod commodi quidem laboriosam magnam adipisci. Officiis eligendi fugiat distinctio eum neque voluptas. Aliquam id quia maiores.', 133, 8, 24, '2019-04-30 19:40:28', '2019-04-30 19:40:28'),
(141, 'odio', 'Aliquid quia inventore ad quae in ratione. Fuga odit id qui qui reprehenderit. Eos quam molestiae hic ut doloremque qui. Dicta est expedita eos odio explicabo.', 245, 3, 18, '2019-04-30 19:40:28', '2019-04-30 19:40:28'),
(142, 'qui', 'Ratione vero et possimus nemo aliquid dolorum voluptatum nam. A quo dignissimos libero incidunt maxime. Omnis ad dolorem eligendi voluptatem.', 943, 2, 14, '2019-04-30 19:40:28', '2019-04-30 19:40:28'),
(143, 'voluptas', 'Voluptas omnis doloremque eum occaecati. Eum amet animi consequuntur numquam eligendi quod impedit. Rerum ab ut eligendi voluptates tempore. Laudantium omnis harum tempora in et.', 918, 6, 11, '2019-04-30 19:40:28', '2019-04-30 19:40:28'),
(144, 'dolor', 'Dignissimos consequuntur id quo quia occaecati quo eos. Suscipit vitae cumque adipisci. Qui velit id ex. Quia nostrum praesentium sed quo labore exercitationem.', 864, 7, 3, '2019-04-30 19:40:28', '2019-04-30 19:40:28'),
(145, 'vero', 'Rem et adipisci et quia. Et doloribus distinctio et.', 431, 6, 28, '2019-04-30 19:40:29', '2019-04-30 19:40:29'),
(146, 'aspernatur', 'Voluptatum et repellendus aut quo minus ad. Non quisquam qui molestias at aut eos cumque. Iste ex qui sed deleniti fugiat qui molestias.', 542, 5, 26, '2019-04-30 19:40:29', '2019-04-30 19:40:29'),
(147, 'et', 'Dolorum nulla ut consectetur delectus est accusamus. Sit voluptates ipsam quis quo ducimus.', 970, 3, 14, '2019-04-30 19:40:29', '2019-04-30 19:40:29'),
(148, 'enim', 'Numquam distinctio praesentium sequi rerum quo molestiae. Vel quia quis aliquam. Labore qui expedita voluptatem aut commodi ea. Soluta optio ducimus exercitationem officiis doloremque cum quod voluptas.', 828, 2, 15, '2019-04-30 19:40:29', '2019-04-30 19:40:29'),
(149, 'et', 'Odio dolorem possimus est itaque et. Quo omnis et deleniti exercitationem est explicabo. Nobis tenetur nulla cumque cum. Eum aliquid nihil consequatur provident est cumque.', 814, 2, 18, '2019-04-30 19:40:29', '2019-04-30 19:40:29'),
(150, 'vitae', 'Quod aut eius itaque repellendus in dolor illum. Earum ipsa dolores consequatur repellendus. Et aut maiores est distinctio.', 791, 7, 20, '2019-04-30 19:40:29', '2019-04-30 19:40:29'),
(151, 'numquam', 'Fuga quos perferendis velit est. Maxime voluptate quia quas architecto est tenetur. Nulla inventore facilis autem. Natus officiis aliquam sint maiores voluptatem quasi iusto.', 373, 7, 7, '2019-04-30 19:44:38', '2019-04-30 19:44:38'),
(152, 'harum', 'Et ab et dolorum non. Quia sapiente provident consequatur et omnis vel. Quam nam adipisci et at.', 569, 2, 9, '2019-04-30 19:44:38', '2019-04-30 19:44:38'),
(153, 'occaecati', 'Sit deserunt minima non qui rem. Atque corrupti beatae qui eveniet. Voluptas numquam eos ea qui dolorum.', 924, 2, 5, '2019-04-30 19:44:38', '2019-04-30 19:44:38'),
(154, 'est', 'Sint impedit repudiandae molestias quibusdam iusto vel velit et. Placeat fuga porro eveniet sit. Et consequatur quia aut sunt rerum debitis.', 399, 7, 13, '2019-04-30 19:44:38', '2019-04-30 19:44:38'),
(155, 'optio', 'Quis voluptate expedita nobis qui temporibus maxime. Nesciunt illum ducimus alias ut nostrum iusto. Harum quia qui officiis aut.', 436, 0, 7, '2019-04-30 19:44:38', '2019-04-30 19:44:38'),
(156, 'assumenda', 'Non id nihil cupiditate a enim a consequuntur. Illum laborum aut in possimus. Aliquid officiis unde et adipisci vero et et quis. Atque voluptas ut fuga harum saepe molestias.', 884, 2, 23, '2019-04-30 19:44:38', '2019-04-30 19:44:38'),
(157, 'neque', 'Qui quas est blanditiis aut est. Fuga sunt iste omnis qui sed. Et vel fugit et suscipit eos inventore.', 163, 2, 2, '2019-04-30 19:44:38', '2019-04-30 19:44:38'),
(158, 'voluptatem', 'Et aspernatur quo quibusdam soluta nulla voluptatem. Sit cumque ducimus fugit nihil sunt et quas natus.', 748, 8, 10, '2019-04-30 19:44:38', '2019-04-30 19:44:38'),
(159, 'nemo', 'Sed corporis magni excepturi exercitationem vel esse excepturi. Perferendis quia repudiandae tempore esse provident voluptatibus qui. Nulla nam in architecto voluptatem. Ipsa tenetur dolore ea suscipit culpa.', 937, 6, 27, '2019-04-30 19:44:38', '2019-04-30 19:44:38'),
(160, 'consectetur', 'Animi sed voluptates nihil impedit molestiae rerum. Iusto totam ducimus qui sint at et. Quaerat voluptatem vel quos sunt esse aperiam. Atque harum voluptas tempora quam itaque delectus rem natus.', 298, 5, 30, '2019-04-30 19:44:38', '2019-04-30 19:44:38'),
(161, 'adipisci', 'Autem quidem ut aspernatur consequatur enim ad. Sit enim deleniti qui quo veritatis omnis. Quaerat repudiandae quia optio rerum expedita commodi possimus. Labore ipsa ut expedita deserunt praesentium in.', 234, 1, 10, '2019-04-30 19:44:38', '2019-04-30 19:44:38'),
(162, 'iste', 'Similique voluptatibus velit maxime accusamus. Nihil ad aut est voluptatibus aperiam dolore natus. Vel temporibus nam nihil aperiam illum optio. Numquam numquam et soluta sint.', 684, 8, 19, '2019-04-30 19:44:39', '2019-04-30 19:44:39'),
(163, 'at', 'Dolorem odio et sunt consequuntur. Quae fugit doloribus nemo qui maxime maiores. Omnis vel eos autem eum qui nesciunt qui tenetur. Ab amet facere maxime ab.', 667, 2, 13, '2019-04-30 19:44:39', '2019-04-30 19:44:39'),
(164, 'voluptatibus', 'Sed explicabo fugit dolores omnis. Nihil amet voluptatem doloremque aut.', 782, 7, 18, '2019-04-30 19:44:39', '2019-04-30 19:44:39'),
(165, 'odio', 'Asperiores debitis voluptatem aut beatae. Corrupti consequatur occaecati minus iste est et sint. Odit cumque esse voluptas deserunt explicabo.', 485, 5, 23, '2019-04-30 19:44:39', '2019-04-30 19:44:39'),
(166, 'deserunt', 'Suscipit quidem autem est sint perferendis id consequatur. Repellat minima rem dignissimos. Voluptatibus est quis doloribus. Labore expedita animi eum commodi officiis vero ea. Sit ea ad nam eum.', 990, 7, 3, '2019-04-30 19:44:39', '2019-04-30 19:44:39'),
(167, 'dolorem', 'Laborum nisi dolorem dolorem accusamus optio est est. Enim itaque saepe sunt aut non.', 351, 9, 28, '2019-04-30 19:44:39', '2019-04-30 19:44:39'),
(168, 'aperiam', 'Quaerat officiis voluptatem quisquam incidunt qui quas. Ipsam nihil architecto provident magni deleniti in. Aut aspernatur ab at at nobis.', 369, 6, 22, '2019-04-30 19:44:39', '2019-04-30 19:44:39'),
(169, 'dolores', 'Dicta dolor ipsam et culpa. Enim ab ratione ullam suscipit vel repudiandae vel deserunt. Praesentium dicta aut recusandae sit sunt qui.', 855, 4, 23, '2019-04-30 19:44:39', '2019-04-30 19:44:39'),
(170, 'id', 'Sed fugit dolorem ratione consequatur excepturi magnam ex. Libero quis cum labore fugit. Eum atque sequi maiores consequatur facilis possimus voluptates. Voluptatem dolorem repellendus repellat reiciendis dolores.', 210, 4, 12, '2019-04-30 19:44:39', '2019-04-30 19:44:39'),
(171, 'magnam', 'Qui itaque iusto dolore et. Nam atque quasi asperiores libero. Qui molestiae quisquam sequi. Non distinctio ad est quis.', 826, 6, 26, '2019-04-30 19:44:39', '2019-04-30 19:44:39'),
(172, 'hic', 'Ea et qui et distinctio rerum molestiae nam. Odit similique possimus veritatis ipsam delectus necessitatibus. Nulla sint eum hic omnis maiores enim. Qui expedita dolor cupiditate ratione quam qui id cumque.', 936, 3, 18, '2019-04-30 19:44:39', '2019-04-30 19:44:39'),
(173, 'soluta', 'Quis doloremque corrupti molestias et qui iure magni. Aspernatur et est dicta aspernatur rem pariatur. Voluptatum est deleniti omnis nostrum cum et.', 570, 8, 22, '2019-04-30 19:44:39', '2019-04-30 19:44:39'),
(174, 'rerum', 'Et quos eligendi quasi modi facere nobis. Maiores cum ex ducimus quam. Sequi voluptatem numquam quis amet veritatis hic nobis ea. Delectus quia id omnis quo impedit.', 498, 7, 29, '2019-04-30 19:44:39', '2019-04-30 19:44:39'),
(175, 'vel', 'Minima asperiores doloribus harum repellendus nemo officiis qui et. Quis voluptatum nobis ea voluptas repellat minima. Inventore velit sapiente eos. A eum ipsa in nihil.', 835, 0, 10, '2019-04-30 19:44:39', '2019-04-30 19:44:39'),
(176, 'harum', 'Consequatur veritatis est provident nobis. Deleniti quidem voluptates itaque dolores ut illum qui reiciendis. Iusto quia molestiae qui dolores laudantium ut et. Neque esse cum enim voluptatum consequuntur corporis. Asperiores recusandae deserunt sed tenetur dolor quam.', 320, 8, 24, '2019-04-30 19:44:39', '2019-04-30 19:44:39'),
(177, 'sed', 'Doloribus laudantium voluptatem veniam earum reprehenderit officiis doloremque. Est voluptatem in necessitatibus accusamus labore nulla autem. Dicta nemo itaque voluptate est iusto.', 136, 6, 7, '2019-04-30 19:44:39', '2019-04-30 19:44:39'),
(178, 'ut', 'Omnis nostrum et quidem molestiae ea provident. Ex porro vel asperiores. Cum est ducimus ipsam sit rem ipsam earum consequuntur.', 226, 7, 15, '2019-04-30 19:44:39', '2019-04-30 19:44:39'),
(179, 'necessitatibus', 'Odit ab est in. Cupiditate vel distinctio magni minima. Adipisci possimus et impedit voluptatem voluptas.', 233, 8, 29, '2019-04-30 19:44:39', '2019-04-30 19:44:39'),
(180, 'commodi', 'Iste asperiores fuga dolores ipsa occaecati. Corrupti neque hic at necessitatibus molestiae. Laudantium ut aut sed fuga ut quo rerum ut.', 871, 1, 10, '2019-04-30 19:44:39', '2019-04-30 19:44:39'),
(181, 'molestias', 'Temporibus nulla voluptas distinctio consequatur eius minus eos quibusdam. Id in quos et. Voluptatem voluptatibus voluptas hic omnis sed quia. Accusamus itaque recusandae quaerat vitae cupiditate nemo quo.', 211, 4, 28, '2019-04-30 19:44:39', '2019-04-30 19:44:39'),
(182, 'voluptates', 'Temporibus aut iusto dolorum repudiandae cumque laboriosam sint. Qui accusamus totam soluta enim rerum atque. Nostrum quia libero dignissimos debitis. Praesentium quia esse minima quibusdam sequi consequatur necessitatibus quis.', 588, 0, 26, '2019-04-30 19:44:39', '2019-04-30 19:44:39'),
(183, 'facere', 'Doloremque possimus quidem eum. Est consequatur qui quia facere eius reiciendis mollitia. Vitae neque consequatur consequatur illo temporibus. Praesentium delectus earum necessitatibus officia deserunt.', 222, 0, 10, '2019-04-30 19:44:39', '2019-04-30 19:44:39'),
(184, 'eligendi', 'Et sunt quis laudantium natus. Ea illo qui quisquam doloribus laudantium voluptatem et. Sed aspernatur tempore sit expedita. Voluptatem qui voluptas architecto doloribus rerum voluptas perferendis.', 107, 8, 9, '2019-04-30 19:44:39', '2019-04-30 19:44:39'),
(185, 'eum', 'Ab nobis rerum cumque vitae. Explicabo voluptatem voluptatem nihil nemo.', 621, 5, 6, '2019-04-30 19:44:39', '2019-04-30 19:44:39'),
(186, 'hic', 'Fugit ipsam sint modi quo deserunt dolorem voluptatibus repellendus. Iusto numquam inventore et quis. Praesentium similique assumenda exercitationem quia. Quia unde nihil enim non et esse provident.', 555, 3, 14, '2019-04-30 19:44:39', '2019-04-30 19:44:39'),
(187, 'dolor', 'Impedit voluptatem ipsa et et occaecati et numquam velit. Eos cum nisi mollitia expedita. Quis saepe ullam expedita sequi quia.', 293, 9, 6, '2019-04-30 19:44:39', '2019-04-30 19:44:39'),
(188, 'id', 'Et exercitationem laborum ut deserunt illo. Quia et in quae magni. Provident harum quam ullam consequuntur rerum.', 989, 0, 8, '2019-04-30 19:44:40', '2019-04-30 19:44:40'),
(189, 'adipisci', 'Quam repellat nisi dolore nam sapiente et. Ipsa doloribus aliquam culpa voluptate iusto doloribus. Repellat quas voluptatem et est atque. Voluptatem quasi suscipit tempore aliquid repellat laborum.', 213, 5, 19, '2019-04-30 19:44:40', '2019-04-30 19:44:40'),
(190, 'unde', 'Quas iusto qui rem eum omnis sunt. Rem rerum quis eveniet sint. Perspiciatis illum dolorum veritatis aut qui distinctio unde. Et hic fuga tempora commodi laboriosam excepturi ducimus.', 748, 0, 21, '2019-04-30 19:44:40', '2019-04-30 19:44:40'),
(191, 'et', 'Esse dignissimos nobis illum nisi maiores fugiat ut. Qui quidem est earum ipsa quia possimus qui. Voluptas ut corporis dolor delectus aperiam velit non. Tenetur numquam quos ut non voluptatem quibusdam.', 879, 3, 27, '2019-04-30 19:44:40', '2019-04-30 19:44:40'),
(192, 'velit', 'Debitis facere consectetur dolores. Enim distinctio et eos inventore rem ab consequatur eos. Ut odit explicabo inventore soluta maiores inventore illo veniam.', 472, 7, 3, '2019-04-30 19:44:40', '2019-04-30 19:44:40'),
(193, 'soluta', 'Itaque in cumque perferendis porro. Non sit a et commodi. Ea vel sunt rerum est amet quia. Eveniet quis sed omnis dolor optio illo nam.', 426, 4, 27, '2019-04-30 19:44:40', '2019-04-30 19:44:40'),
(194, 'repellat', 'Sunt enim sunt illo sunt nam. Voluptate unde dolores officia dolore numquam et nulla quia. Incidunt non dolores atque expedita. Maxime maiores blanditiis asperiores velit cumque fugit.', 532, 0, 22, '2019-04-30 19:44:40', '2019-04-30 19:44:40'),
(195, 'vel', 'Non eaque repellat eos. Amet molestiae animi mollitia rerum maiores. Quaerat reprehenderit quo vel est voluptas. Eum modi molestias et.', 403, 2, 3, '2019-04-30 19:44:40', '2019-04-30 19:44:40'),
(196, 'dolorum', 'Optio culpa velit voluptates consequatur. Nihil earum et dolores corporis magnam. Facere occaecati facilis unde incidunt atque velit laboriosam.', 862, 5, 12, '2019-04-30 19:44:40', '2019-04-30 19:44:40'),
(197, 'odit', 'Voluptas provident sed voluptatem rerum eius veniam facilis. Harum deleniti iste et ut. Aut sapiente similique ipsa error quia. Mollitia consequuntur sunt sit ratione sit. Minima nihil voluptates quia at voluptatem beatae voluptates sunt.', 336, 1, 4, '2019-04-30 19:44:40', '2019-04-30 19:44:40'),
(198, 'ducimus', 'Id sed suscipit quia dolores voluptatibus ducimus. Qui ex numquam placeat. Laborum voluptatem error non voluptatibus aut recusandae iusto officia.', 163, 0, 13, '2019-04-30 19:44:40', '2019-04-30 19:44:40'),
(199, 'provident', 'Aperiam ut earum suscipit aut illum porro deserunt. Omnis ut non id modi labore quis et nihil.', 829, 0, 26, '2019-04-30 19:44:40', '2019-04-30 19:44:40'),
(200, 'sit', 'Ipsum quis illum id quam quod labore fuga debitis. Incidunt sit laudantium laborum soluta tenetur fuga perspiciatis qui. Impedit doloremque magnam et officia. Possimus odio possimus doloremque non. Voluptas eum aliquid accusamus alias et inventore tempore.', 130, 0, 28, '2019-04-30 19:44:40', '2019-04-30 19:44:40'),
(201, 'repellat', 'Mollitia ea distinctio assumenda et. Tempore eaque officia praesentium dicta. Autem tenetur qui modi ex enim perferendis. Eveniet quidem quasi excepturi rerum error.', 564, 9, 20, '2019-04-30 19:45:48', '2019-04-30 19:45:48'),
(202, 'saepe', 'Alias repellat eum nam excepturi nam vitae. Dolorem aspernatur impedit dolores quasi magnam reiciendis. Quam exercitationem voluptas voluptatem esse.', 270, 6, 10, '2019-04-30 19:45:48', '2019-04-30 19:45:48'),
(203, 'quis', 'Voluptatem impedit maiores dolorem totam. Et at enim pariatur. Dolor est facilis architecto iste. Cumque qui numquam repudiandae aut omnis.', 601, 8, 27, '2019-04-30 19:45:48', '2019-04-30 19:45:48'),
(204, 'est', 'Nulla ut cum odit rerum est ipsum perferendis. Voluptatem laudantium nobis voluptas voluptatem.', 939, 6, 4, '2019-04-30 19:45:48', '2019-04-30 19:45:48'),
(205, 'est', 'Repudiandae qui vel at sed assumenda. Repudiandae eos pariatur quia repudiandae animi. Cum autem ratione ipsam facere blanditiis.', 459, 1, 20, '2019-04-30 19:45:48', '2019-04-30 19:45:48'),
(206, 'inventore', 'Voluptas in nostrum perspiciatis quos. Ut soluta ea ducimus qui ipsam qui. Cum tempora odit deserunt magni. Ea deleniti inventore repellendus ut voluptatibus est eligendi sapiente.', 650, 4, 13, '2019-04-30 19:45:48', '2019-04-30 19:45:48'),
(207, 'excepturi', 'Magnam magni aut dignissimos dolores illo et blanditiis perspiciatis. Perferendis nostrum modi culpa ducimus ipsa eos itaque. Odit deserunt tempora ut ea qui quo.', 724, 2, 8, '2019-04-30 19:45:48', '2019-04-30 19:45:48'),
(208, 'omnis', 'Veritatis dicta atque est possimus est. Occaecati aut quos non similique magni.', 969, 5, 6, '2019-04-30 19:45:49', '2019-04-30 19:45:49'),
(209, 'accusantium', 'Consequuntur consequatur doloremque ea illum. Accusantium aut est molestias repudiandae. Ex consectetur accusamus dignissimos velit labore est.', 681, 6, 14, '2019-04-30 19:45:49', '2019-04-30 19:45:49'),
(210, 'nihil', 'Est veniam quia est modi laboriosam illum quo. Non eligendi porro sint aut provident hic. Commodi accusantium praesentium dolor sequi qui animi fugiat.', 219, 8, 20, '2019-04-30 19:45:49', '2019-04-30 19:45:49'),
(211, 'molestiae', 'Ipsam eveniet quae consectetur a et quia officia ut. Voluptates saepe doloribus asperiores rerum rerum labore alias dolores. Mollitia et et velit recusandae. Aliquam aliquid dolor aliquid sit corporis sint cum.', 312, 1, 7, '2019-04-30 19:45:49', '2019-04-30 19:45:49'),
(212, 'expedita', 'Illum facere molestiae voluptatibus vel saepe. Vel sed aspernatur autem distinctio. Mollitia et magnam iure quia ut harum.', 218, 1, 18, '2019-04-30 19:45:49', '2019-04-30 19:45:49'),
(213, 'culpa', 'At ipsum suscipit provident est. Neque consequatur et voluptas cumque nemo. Aut unde repellendus sint provident aliquam eveniet. Rerum et adipisci autem cupiditate qui animi.', 537, 8, 18, '2019-04-30 19:45:49', '2019-04-30 19:45:49'),
(214, 'dolorem', 'Eveniet vel earum voluptatem iusto vel dolorem. Et exercitationem ipsum nihil ut molestias qui aspernatur. A est cum est distinctio. Est et accusamus sapiente aut et architecto totam.', 134, 9, 6, '2019-04-30 19:45:49', '2019-04-30 19:45:49');
INSERT INTO `products` (`id`, `name`, `detail`, `price`, `stock`, `discount`, `created_at`, `updated_at`) VALUES
(215, 'non', 'Cum veritatis laudantium dolor optio reiciendis nulla vero. Architecto quia nam qui ducimus ipsum. Voluptate nulla consequuntur nihil sapiente ipsum temporibus. Qui mollitia ea officia sit quos deserunt sed.', 767, 7, 22, '2019-04-30 19:45:49', '2019-04-30 19:45:49'),
(216, 'aut', 'Voluptas minus mollitia est et quidem at laboriosam nesciunt. Et et culpa ea numquam cumque rerum. Nihil quis nulla vitae animi.', 582, 6, 24, '2019-04-30 19:45:49', '2019-04-30 19:45:49'),
(217, 'iste', 'Molestiae architecto voluptatum aut sed. Praesentium debitis minima dolorum non labore voluptatibus. Harum possimus omnis nihil fugit ut fugit. Asperiores modi blanditiis perferendis delectus perspiciatis est incidunt.', 820, 9, 13, '2019-04-30 19:45:49', '2019-04-30 19:45:49'),
(218, 'eius', 'Velit ex et veniam sit impedit vel. Facilis itaque nostrum deserunt eveniet. Laborum maiores corporis error velit asperiores quia consectetur.', 608, 8, 18, '2019-04-30 19:45:49', '2019-04-30 19:45:49'),
(219, 'sint', 'Numquam excepturi quae ipsam vel harum sint. Quia corporis ex distinctio. Sit harum cumque cupiditate sed fuga asperiores a. Voluptatem animi maiores quam rerum recusandae at omnis. Quia et voluptatem voluptas quo nobis animi repellendus omnis.', 124, 0, 2, '2019-04-30 19:45:49', '2019-04-30 19:45:49'),
(220, 'earum', 'Maiores cum dolor reiciendis. Voluptatum alias error tenetur.', 503, 5, 26, '2019-04-30 19:45:49', '2019-04-30 19:45:49'),
(221, 'repudiandae', 'Et sed nesciunt provident vel non animi qui. Et maxime sed sed aliquam perspiciatis ut. Consequatur eum ut repudiandae aperiam et temporibus vel sint.', 313, 1, 27, '2019-04-30 19:45:49', '2019-04-30 19:45:49'),
(222, 'numquam', 'Earum quis est optio eius voluptatum quia. Est dolorum eos non tempora. Omnis ab officiis dolor voluptatem et voluptatum maxime.', 524, 8, 16, '2019-04-30 19:45:49', '2019-04-30 19:45:49'),
(223, 'veniam', 'Omnis vel rerum et eveniet placeat dolorem. Earum eum sunt totam rerum.', 754, 8, 25, '2019-04-30 19:45:49', '2019-04-30 19:45:49'),
(224, 'reprehenderit', 'Id laborum magnam cupiditate. Ut quibusdam nam qui animi rerum deserunt voluptatum. Similique similique repudiandae voluptates accusamus iusto. Debitis et ipsum suscipit quo voluptas.', 854, 7, 30, '2019-04-30 19:45:49', '2019-04-30 19:45:49'),
(225, 'neque', 'Laboriosam non itaque a voluptates. Aliquid tempore sit quia corporis ut aut voluptas. Distinctio sit ut ducimus blanditiis voluptatem et. Velit numquam laborum nam voluptatem.', 769, 5, 14, '2019-04-30 19:45:49', '2019-04-30 19:45:49'),
(226, 'consequuntur', 'Animi molestias pariatur sapiente alias doloremque consectetur. Mollitia vitae autem fuga ipsam ipsam. Cum neque vitae incidunt expedita corporis dolores tenetur nulla. Sapiente sed nostrum ullam error laborum exercitationem.', 247, 6, 10, '2019-04-30 19:45:49', '2019-04-30 19:45:49'),
(227, 'quis', 'Aut aut ullam quod vel doloribus assumenda. Voluptas quia occaecati magni dolores. Vel suscipit sit voluptates expedita illum iure ut. Quas incidunt ut labore necessitatibus vel.', 735, 5, 18, '2019-04-30 19:45:49', '2019-04-30 19:45:49'),
(228, 'consequatur', 'Non quia corrupti repudiandae et sed voluptatum. Aliquid odio aspernatur sunt assumenda accusamus vitae. Dolores et corporis sed voluptatem qui fuga ducimus. Voluptatum alias quod architecto amet officia omnis.', 954, 7, 12, '2019-04-30 19:45:49', '2019-04-30 19:45:49'),
(229, 'odit', 'Occaecati voluptatem hic autem quos. Corrupti repellat accusantium temporibus officiis voluptatem molestiae. Quam quam consequatur recusandae modi odit.', 518, 7, 9, '2019-04-30 19:45:49', '2019-04-30 19:45:49'),
(230, 'corrupti', 'Aut omnis necessitatibus molestiae sunt voluptatem qui. Sed mollitia ducimus est et quam consectetur ut. Consequatur officia dolorum corrupti eligendi rerum aut. In est ad et ad.', 381, 9, 4, '2019-04-30 19:45:49', '2019-04-30 19:45:49'),
(231, 'commodi', 'Officia distinctio sapiente sed quo molestiae illum quae impedit. Vel non labore aut modi pariatur. Laboriosam voluptatem et ea quam quasi reiciendis. Porro voluptatem deserunt temporibus labore eum dolor cumque.', 884, 2, 11, '2019-04-30 19:45:49', '2019-04-30 19:45:49'),
(232, 'harum', 'Ratione perspiciatis commodi ea sapiente. Unde dolore inventore error aut. Perspiciatis non dolorem maiores expedita labore consequatur. Non et asperiores impedit quo delectus autem nihil.', 249, 8, 19, '2019-04-30 19:45:49', '2019-04-30 19:45:49'),
(233, 'perspiciatis', 'Pariatur explicabo ut provident et. Aut et explicabo aperiam corrupti sit odit. Perspiciatis dolores magnam et et expedita eos.', 773, 8, 3, '2019-04-30 19:45:49', '2019-04-30 19:45:49'),
(234, 'omnis', 'Et quidem exercitationem aut sed commodi maiores. Magni consequatur impedit mollitia rerum et veniam accusantium. Non exercitationem rem eum quia dolorem dolore. Aliquam sunt sapiente reprehenderit pariatur sit.', 176, 3, 7, '2019-04-30 19:45:49', '2019-04-30 19:45:49'),
(235, 'rerum', 'Iusto ut aut dolor voluptates quos fuga dolore ad. Excepturi ullam ut tempora impedit et quia voluptatem sapiente. Est aut suscipit repellat itaque.', 600, 9, 12, '2019-04-30 19:45:50', '2019-04-30 19:45:50'),
(236, 'ad', 'Pariatur nihil quia sapiente commodi sed at velit. Commodi placeat quos occaecati porro et a saepe. Voluptatem delectus dolor ad id in labore eum. Et optio qui modi esse ad repellendus ut sunt.', 448, 8, 25, '2019-04-30 19:45:50', '2019-04-30 19:45:50'),
(237, 'enim', 'Modi cupiditate officia beatae et qui mollitia provident. Ut repudiandae animi rem fugit laudantium.', 234, 1, 9, '2019-04-30 19:45:50', '2019-04-30 19:45:50'),
(238, 'voluptate', 'Et rerum fugiat aut deleniti dolores harum. Asperiores in est dolor in sint iusto nulla. Autem et similique aut enim.', 868, 9, 8, '2019-04-30 19:45:50', '2019-04-30 19:45:50'),
(239, 'soluta', 'Velit quia itaque consequuntur modi. Sapiente alias mollitia dolorem reiciendis. Voluptatem omnis sint adipisci vel voluptatum libero. Aut odit est dolores autem quia cupiditate vel.', 879, 4, 29, '2019-04-30 19:45:50', '2019-04-30 19:45:50'),
(240, 'necessitatibus', 'Occaecati et atque omnis placeat. Aut perspiciatis velit quis. Non quibusdam ut totam. Unde magnam modi esse qui ut harum rerum.', 211, 5, 28, '2019-04-30 19:45:50', '2019-04-30 19:45:50'),
(241, 'ea', 'Ut modi in voluptatem repudiandae enim. Voluptates eos cumque doloremque. Cumque quo consequatur et quia iure minus quod.', 916, 2, 5, '2019-04-30 19:45:50', '2019-04-30 19:45:50'),
(242, 'soluta', 'Quia facere in esse labore ex maxime. Fuga nihil modi provident nemo tempora dolor quia. Natus unde deleniti quia fugit commodi temporibus et architecto. Deserunt maxime magni perspiciatis.', 437, 0, 20, '2019-04-30 19:45:50', '2019-04-30 19:45:50'),
(243, 'et', 'Aut enim enim officia ab velit. Debitis accusantium ea distinctio aut omnis. Dolores et est dolorem quod blanditiis doloribus.', 536, 0, 2, '2019-04-30 19:45:50', '2019-04-30 19:45:50'),
(244, 'est', 'Aliquam numquam et id quibusdam minus. At accusamus alias odio eum enim a quod. Ut qui in adipisci vitae libero totam. Architecto corrupti corrupti iusto quaerat.', 503, 1, 25, '2019-04-30 19:45:50', '2019-04-30 19:45:50'),
(245, 'facere', 'Porro fugiat repellat ut veritatis rerum alias. Exercitationem dolor animi quo ab. At quibusdam ipsum quod esse voluptatibus.', 158, 4, 16, '2019-04-30 19:45:50', '2019-04-30 19:45:50'),
(246, 'quam', 'Voluptatibus maiores qui autem ad dolor et. Voluptatem est nesciunt aut sit. Animi quia odio ab ut assumenda nam. Explicabo neque magnam repellat provident debitis.', 950, 1, 14, '2019-04-30 19:45:50', '2019-04-30 19:45:50'),
(247, 'cupiditate', 'Corrupti amet dolorem repellat dolorem. Modi temporibus facilis repellat dignissimos minus modi. Dolores non non qui dolore est officiis nihil. Excepturi est consequatur laudantium dolores. Placeat et totam dolorem natus.', 786, 5, 5, '2019-04-30 19:45:50', '2019-04-30 19:45:50'),
(248, 'voluptatem', 'Quam molestiae tenetur odio quo voluptatem. Ipsa officia enim animi aut quia et. Quos enim aut reprehenderit minima voluptatem.', 323, 6, 22, '2019-04-30 19:45:50', '2019-04-30 19:45:50'),
(249, 'vitae', 'Non eius hic facilis earum omnis rerum omnis. Aut optio dolor doloribus omnis. Omnis consectetur saepe quisquam voluptas pariatur. Hic aut repudiandae nulla natus debitis accusamus ut.', 936, 4, 7, '2019-04-30 19:45:50', '2019-04-30 19:45:50'),
(250, 'nam', 'Minus ut illo doloribus expedita quia aut. Nostrum et tempore commodi sint similique accusamus exercitationem enim. Et odit maiores vel ut. Fugiat aut aliquam qui sunt tenetur.', 580, 1, 4, '2019-04-30 19:45:50', '2019-04-30 19:45:50'),
(251, 'sit', 'Eum libero et iure nihil est sed. Vitae quod architecto aut neque ea itaque non. Placeat sit dolorem tenetur non fugiat doloribus.', 262, 0, 2, '2019-04-30 19:47:46', '2019-04-30 19:47:46'),
(252, 'quia', 'Ut dolorum quia exercitationem velit. Minus qui ut deleniti aut ducimus porro. Maiores accusantium sit quia et et. Et asperiores recusandae aut quos ducimus.', 504, 6, 10, '2019-04-30 19:47:47', '2019-04-30 19:47:47'),
(253, 'veritatis', 'Quod blanditiis similique recusandae. Sunt harum provident id totam quae necessitatibus tempora sit. Dignissimos facere unde enim eos repudiandae laborum iure.', 969, 4, 5, '2019-04-30 19:47:47', '2019-04-30 19:47:47'),
(254, 'saepe', 'Sequi aut quae id porro hic. Consectetur et odit pariatur id eum qui dolorum veniam. Deserunt nihil molestias molestiae rerum quo necessitatibus. Harum neque commodi incidunt in ad voluptatem dignissimos.', 374, 9, 29, '2019-04-30 19:47:47', '2019-04-30 19:47:47'),
(255, 'placeat', 'Unde magni aspernatur aut id est porro. Maxime amet placeat maiores molestiae et qui necessitatibus.', 849, 4, 20, '2019-04-30 19:47:47', '2019-04-30 19:47:47'),
(256, 'quia', 'Esse dolorem perspiciatis aut odio aut aliquam est. Voluptas iure reiciendis sit voluptatem tempore officiis. Est consectetur sint eum dolore deleniti labore.', 880, 8, 3, '2019-04-30 19:47:47', '2019-04-30 19:47:47'),
(257, 'veritatis', 'Vitae dolorum et autem id est iste. Cupiditate dolores inventore aut ut mollitia dolores rerum id. Perferendis sint cumque quia possimus quia.', 777, 8, 10, '2019-04-30 19:47:47', '2019-04-30 19:47:47'),
(258, 'aut', 'Sapiente sit est et. Ut cumque repellendus veniam soluta similique. Quae error deserunt cum deserunt odit. Voluptate consectetur minima aspernatur est dolorem quasi dolorem.', 321, 2, 23, '2019-04-30 19:47:47', '2019-04-30 19:47:47'),
(259, 'enim', 'Corrupti doloribus sed rem exercitationem voluptatum beatae. Quibusdam nostrum qui blanditiis. Ipsa qui porro dolor voluptatem ut qui. Quisquam ullam quibusdam id iste consectetur impedit et.', 105, 9, 8, '2019-04-30 19:47:47', '2019-04-30 19:47:47'),
(260, 'ut', 'Soluta vero unde dolor nobis ea ullam itaque. Reprehenderit iusto delectus fuga et doloribus. Itaque sed ut repellendus provident.', 821, 9, 24, '2019-04-30 19:47:47', '2019-04-30 19:47:47'),
(261, 'labore', 'Provident autem voluptatem vero amet omnis odit praesentium. Et pariatur autem quam magni fugit aperiam eos. Nostrum et non non.', 368, 5, 4, '2019-04-30 19:47:47', '2019-04-30 19:47:47'),
(262, 'similique', 'Saepe voluptas culpa ut sapiente quia enim voluptas. Dolores animi iure sed qui. Iste quo maiores blanditiis ullam. Est explicabo sunt at natus libero cumque ipsum.', 304, 4, 16, '2019-04-30 19:47:47', '2019-04-30 19:47:47'),
(263, 'atque', 'Minima incidunt unde ducimus corporis facilis. Ex doloribus non consequatur velit. Consectetur id amet deleniti dolores. Quo id eum natus molestiae.', 169, 8, 26, '2019-04-30 19:47:47', '2019-04-30 19:47:47'),
(264, 'in', 'Commodi aperiam reiciendis eum occaecati officia sapiente quos. Eum animi magnam quia quasi tempora voluptatem. Laborum consequatur facilis quis officiis illo quod.', 424, 3, 2, '2019-04-30 19:47:47', '2019-04-30 19:47:47'),
(265, 'et', 'Reprehenderit iste et totam beatae ut inventore corrupti ut. Labore incidunt delectus suscipit. Nihil id vel possimus sunt voluptatem. Odit est soluta nesciunt impedit et.', 378, 7, 25, '2019-04-30 19:47:47', '2019-04-30 19:47:47'),
(266, 'fuga', 'Et distinctio a labore consectetur. Sapiente qui vel dignissimos aut totam aut provident. Aliquid perspiciatis velit omnis quia laudantium velit. Harum neque reiciendis omnis et voluptas.', 114, 0, 15, '2019-04-30 19:47:47', '2019-04-30 19:47:47'),
(267, 'quaerat', 'Facere est sint recusandae nihil eos ab excepturi. Id laudantium et vel dolore suscipit. Non non quia animi animi voluptates. Voluptatum atque quos voluptas commodi.', 630, 3, 5, '2019-04-30 19:47:47', '2019-04-30 19:47:47'),
(268, 'velit', 'Qui ex repudiandae incidunt. Et et enim accusantium suscipit sequi fugit laboriosam. Ut dicta repellendus dolor minus iure et beatae. Vel incidunt id cupiditate similique voluptas dolorum sit.', 358, 3, 14, '2019-04-30 19:47:47', '2019-04-30 19:47:47'),
(269, 'odio', 'Excepturi quam veritatis aliquid nihil. Eligendi non perspiciatis voluptate quo aspernatur voluptatum. Ipsam officia ipsa consectetur non ut.', 406, 8, 19, '2019-04-30 19:47:47', '2019-04-30 19:47:47'),
(270, 'qui', 'Et animi a incidunt inventore ut. Vero quaerat natus et est molestiae. Deleniti praesentium ab dolore quis minus beatae. Ex minus sunt eum.', 733, 8, 20, '2019-04-30 19:47:47', '2019-04-30 19:47:47'),
(271, 'minima', 'Cumque aut numquam pariatur. Unde amet eum officiis at. Voluptas ex autem aut reprehenderit quis et facere. Aut qui pariatur veniam qui et illum iusto.', 812, 6, 13, '2019-04-30 19:47:47', '2019-04-30 19:47:47'),
(272, 'nostrum', 'Ut quia sunt qui magni deleniti velit. Nesciunt nostrum amet cum officia voluptas minus libero voluptatem. Dolorem eum et voluptatem omnis cupiditate. Maxime voluptatem qui debitis suscipit.', 916, 0, 24, '2019-04-30 19:47:47', '2019-04-30 19:47:47'),
(273, 'voluptas', 'Unde mollitia pariatur mollitia nihil. Distinctio modi asperiores voluptatem consequatur nisi unde aliquam et. Officia cumque voluptatibus ducimus distinctio aut consequatur et.', 167, 3, 5, '2019-04-30 19:47:47', '2019-04-30 19:47:47'),
(274, 'sit', 'Voluptatem iure rerum non libero quaerat sint. Quae qui tempore voluptatem praesentium sapiente ipsa. Et magni deleniti architecto dolor iusto laboriosam id consequatur. Quaerat voluptas neque qui assumenda nesciunt est voluptas.', 845, 9, 20, '2019-04-30 19:47:47', '2019-04-30 19:47:47'),
(275, 'quia', 'Voluptates omnis quod quia non nostrum qui incidunt qui. Quidem repellat explicabo non porro rerum est possimus nihil. Voluptate omnis et qui ex. Beatae atque eius magni consequatur voluptatum ea corrupti.', 909, 5, 20, '2019-04-30 19:47:47', '2019-04-30 19:47:47'),
(276, 'ducimus', 'Soluta a nihil facilis necessitatibus ipsum autem accusamus. Tenetur iste pariatur qui ut alias hic. Minus provident enim facere unde. Dolorum nemo est nihil iste quis. Asperiores corporis fugiat aut incidunt impedit voluptatem nemo.', 211, 4, 18, '2019-04-30 19:47:47', '2019-04-30 19:47:47'),
(277, 'aut', 'Voluptates minus necessitatibus vero quia et consequatur numquam. Libero eveniet doloremque harum id doloribus omnis. Nihil aut velit dolore autem aut reiciendis.', 905, 2, 12, '2019-04-30 19:47:47', '2019-04-30 19:47:47'),
(278, 'quo', 'Nulla beatae aliquid corporis alias laudantium sapiente. Sequi quos exercitationem veniam voluptatum. Deleniti nihil impedit quis saepe.', 117, 8, 20, '2019-04-30 19:47:47', '2019-04-30 19:47:47'),
(279, 'necessitatibus', 'Voluptatem doloremque earum qui et doloribus molestias. Dolorum sapiente sit harum reiciendis. Sint dolorum fugit vitae quibusdam voluptas nam nihil nesciunt.', 101, 5, 20, '2019-04-30 19:47:47', '2019-04-30 19:47:47'),
(280, 'dolorum', 'Nihil quia aut numquam voluptatum. Sed voluptatem unde quas aut qui dolorum iure. Dolor nemo quis qui qui natus qui. Occaecati aut cupiditate possimus mollitia omnis.', 779, 5, 26, '2019-04-30 19:47:47', '2019-04-30 19:47:47'),
(281, 'dignissimos', 'Cupiditate dolor tempora quis quam reprehenderit unde. Aut commodi quia vel hic dolor. Sint totam magni soluta cum dolorem quam consequuntur. Similique expedita necessitatibus corporis rerum.', 751, 1, 23, '2019-04-30 19:47:48', '2019-04-30 19:47:48'),
(282, 'laborum', 'Quo voluptate ut nemo. Blanditiis aut aliquid a accusantium perferendis rerum. Et reprehenderit doloribus ea a nobis sequi.', 668, 5, 22, '2019-04-30 19:47:48', '2019-04-30 19:47:48'),
(283, 'dolorum', 'Cumque occaecati sequi a suscipit. Quidem excepturi possimus omnis sint. Quia vel fugit voluptas velit maxime aut. Dolor id aliquid velit consectetur repudiandae veritatis recusandae eum.', 208, 8, 4, '2019-04-30 19:47:48', '2019-04-30 19:47:48'),
(284, 'est', 'Est aut perspiciatis enim. Ab est non autem mollitia iusto ab. Rerum placeat amet autem et amet nesciunt.', 451, 3, 6, '2019-04-30 19:47:48', '2019-04-30 19:47:48'),
(285, 'quidem', 'Debitis aut praesentium dolorem enim fugit aut maxime. Quia recusandae ipsa qui omnis. Necessitatibus accusantium dignissimos dicta eos doloribus.', 750, 8, 25, '2019-04-30 19:47:48', '2019-04-30 19:47:48'),
(286, 'nisi', 'Ipsa porro mollitia necessitatibus deserunt eum non consequatur. Et sed consectetur fugiat maiores earum velit aspernatur.', 767, 1, 13, '2019-04-30 19:47:48', '2019-04-30 19:47:48'),
(287, 'sit', 'Quasi molestiae omnis et animi aperiam dolorum. Qui iure ut consectetur rerum.', 180, 5, 22, '2019-04-30 19:47:48', '2019-04-30 19:47:48'),
(288, 'aut', 'Qui ipsa sequi saepe unde fuga aut enim. Laboriosam praesentium qui maxime beatae in. Architecto vel voluptatum aut sapiente et.', 416, 4, 8, '2019-04-30 19:47:48', '2019-04-30 19:47:48'),
(289, 'nihil', 'Et est et non non consectetur. Quaerat quisquam in harum blanditiis est minima. Officia possimus omnis occaecati sed rem ullam totam non. Quae amet rerum aut aut reprehenderit et eaque.', 821, 3, 5, '2019-04-30 19:47:48', '2019-04-30 19:47:48'),
(290, 'consequatur', 'Tempora fugiat quo fugiat commodi libero totam voluptas. Minus suscipit sit vero nulla quis iste eum. Id earum aut in eum corrupti possimus. Vel quidem quos a et blanditiis fugiat expedita.', 319, 4, 30, '2019-04-30 19:47:48', '2019-04-30 19:47:48'),
(291, 'dolorem', 'Ducimus officia et voluptate ducimus tempore sint ipsam. Libero ex a quaerat necessitatibus aut. Odio molestias eum et quis et maiores ullam minima.', 317, 8, 9, '2019-04-30 19:47:48', '2019-04-30 19:47:48'),
(292, 'sint', 'Voluptate repellat placeat deserunt error est cumque a. Doloremque cumque non neque.', 166, 8, 15, '2019-04-30 19:47:48', '2019-04-30 19:47:48'),
(293, 'qui', 'Dicta rerum ipsam nostrum sed excepturi. Maxime ipsa voluptas id commodi est sed et. Dolor explicabo veniam quibusdam quod ex quo. Earum ratione rem deleniti eos porro.', 839, 2, 22, '2019-04-30 19:47:48', '2019-04-30 19:47:48'),
(294, 'saepe', 'Nihil sit aliquid delectus sunt numquam nobis. At sint dolores autem omnis cumque sapiente. Rerum doloremque accusantium harum. Sit blanditiis est non ad pariatur ut eum.', 309, 1, 19, '2019-04-30 19:47:48', '2019-04-30 19:47:48'),
(295, 'voluptatem', 'Eos est eum sit provident ut numquam ut. Quaerat qui consequuntur velit earum sapiente. Voluptatem sapiente unde rem aut quos ut.', 766, 0, 18, '2019-04-30 19:47:48', '2019-04-30 19:47:48'),
(296, 'voluptate', 'Sequi blanditiis sed debitis est corrupti porro. Cupiditate iure dolores qui vitae. Id enim et ipsa.', 308, 0, 13, '2019-04-30 19:47:48', '2019-04-30 19:47:48'),
(297, 'est', 'Quia tempore sit aut maiores eos est repellat. Et consequuntur dolore doloremque est. Dolor quas ut repellendus explicabo nemo neque animi est. Praesentium et nisi delectus sed nulla et voluptatem.', 852, 9, 12, '2019-04-30 19:47:48', '2019-04-30 19:47:48'),
(298, 'consequatur', 'Sed sunt fuga omnis vel. Quis perferendis magni eum eligendi ex quos est. Enim totam dolorem et illum qui sit sed.', 924, 7, 15, '2019-04-30 19:47:48', '2019-04-30 19:47:48'),
(299, 'ex', 'Suscipit omnis et hic et vero doloremque. Ut et unde ullam quisquam nihil soluta laboriosam perferendis. Qui laudantium fugit incidunt libero magnam dignissimos iusto.', 205, 6, 30, '2019-04-30 19:47:48', '2019-04-30 19:47:48'),
(300, 'deleniti', 'Qui quo dolorum ut eum eius ut voluptatibus. Sit enim quidem sapiente tempora magnam eos officiis nostrum. Ut temporibus voluptatem perspiciatis ut.', 640, 3, 6, '2019-04-30 19:47:48', '2019-04-30 19:47:48'),
(301, 'quibusdam', 'Numquam occaecati fugit expedita consequatur aut necessitatibus. Unde doloremque vel error iste vel sed voluptas. Sit similique nam totam quidem. Itaque possimus rem sapiente nulla. Voluptate optio adipisci distinctio et dolore.', 494, 9, 10, '2019-04-30 19:54:44', '2019-04-30 19:54:44'),
(302, 'quis', 'Quidem qui laborum vero voluptas sint est aut. Ipsum animi velit quaerat provident deserunt. Eius exercitationem ut asperiores dolorum dolore et id nisi. Eveniet qui quod fuga aut labore.', 231, 0, 9, '2019-04-30 19:54:44', '2019-04-30 19:54:44'),
(303, 'ab', 'Architecto maiores est dolore ut. Animi quasi ut accusamus iure sunt illo. Illo non facilis facere et non.', 821, 5, 30, '2019-04-30 19:54:44', '2019-04-30 19:54:44'),
(304, 'aut', 'Optio sed in atque quo omnis dolorum est. Impedit alias dolore voluptatem perferendis itaque consequatur delectus. Fugit et error rerum nulla velit consequuntur est. Omnis fuga molestiae id id architecto nesciunt omnis.', 517, 4, 23, '2019-04-30 19:54:44', '2019-04-30 19:54:44'),
(305, 'et', 'Id ad dolores culpa non. Blanditiis in necessitatibus eligendi cumque qui. Consequatur aut aut qui magni. Consequatur qui eveniet hic provident illum nam quis.', 850, 4, 29, '2019-04-30 19:54:44', '2019-04-30 19:54:44'),
(306, 'natus', 'Consequuntur quia numquam cumque voluptatem. Natus excepturi voluptatem facilis qui autem. Quo nisi fuga enim quaerat.', 653, 2, 24, '2019-04-30 19:54:44', '2019-04-30 19:54:44'),
(307, 'qui', 'Sint voluptatem et quos totam praesentium dolorem officiis. Molestiae aut necessitatibus quo porro provident quia. Ipsam nihil facere harum accusantium voluptatem voluptates natus.', 486, 5, 13, '2019-04-30 19:54:44', '2019-04-30 19:54:44'),
(308, 'doloremque', 'Tempora ab quae error maiores sint ipsam. Quia molestiae ducimus corrupti repellat. Optio facere consequuntur esse sint repudiandae dolorem.', 462, 6, 29, '2019-04-30 19:54:44', '2019-04-30 19:54:44'),
(309, 'impedit', 'Quo est autem at est voluptatem ratione porro non. Error nisi quaerat temporibus ab rerum. Neque quasi inventore itaque numquam. Praesentium sed nisi iure exercitationem consequatur ipsam.', 483, 4, 9, '2019-04-30 19:54:44', '2019-04-30 19:54:44'),
(310, 'veritatis', 'Ut incidunt eveniet non tenetur deserunt dolor natus. Dolores fugit minus beatae nihil dolorem exercitationem. Consequatur error earum deserunt fugit rem nulla.', 907, 6, 20, '2019-04-30 19:54:44', '2019-04-30 19:54:44'),
(311, 'autem', 'Beatae ullam molestiae delectus sit provident repellendus enim. Et vitae quaerat hic non. Repudiandae veritatis rerum doloremque ab qui. Quas harum veniam error.', 921, 4, 11, '2019-04-30 19:54:44', '2019-04-30 19:54:44'),
(312, 'quo', 'Inventore doloribus corrupti eveniet aut quibusdam. Porro dignissimos qui sunt aspernatur cupiditate excepturi voluptas. Aspernatur sed hic quo aut tenetur. Reprehenderit incidunt in suscipit eos.', 567, 6, 19, '2019-04-30 19:54:44', '2019-04-30 19:54:44'),
(313, 'consequatur', 'Dolores impedit iste temporibus in perferendis. Consequuntur ex quis provident sed culpa commodi earum. Autem voluptates est est voluptates nostrum fugiat voluptatem voluptatem. Aut cumque quibusdam dignissimos provident minima.', 916, 2, 4, '2019-04-30 19:54:44', '2019-04-30 19:54:44'),
(314, 'dolores', 'Iste eaque rem quia eos aut quis. At autem rerum minima quia. Aut consequatur iure natus. Necessitatibus et occaecati praesentium exercitationem dolor ex. Ipsum rerum eos et et libero.', 702, 9, 16, '2019-04-30 19:54:44', '2019-04-30 19:54:44'),
(315, 'ut', 'Praesentium sequi vitae eius. Facere adipisci itaque quasi aperiam iusto quia. Et eum modi assumenda aperiam consequuntur aut dolores incidunt. Dolor voluptatem vitae aut.', 187, 8, 18, '2019-04-30 19:54:44', '2019-04-30 19:54:44'),
(316, 'aut', 'Et nam quam et illum placeat eum quidem dolor. Quia nesciunt quo omnis laborum corporis assumenda. Sunt eos eaque tempore ut sed amet id perspiciatis. Fugit voluptas porro itaque quis.', 701, 5, 22, '2019-04-30 19:54:44', '2019-04-30 19:54:44'),
(317, 'consequatur', 'Deserunt omnis qui aut iusto quae. Temporibus voluptas laudantium debitis voluptas sit. Reprehenderit non similique quae.', 591, 3, 7, '2019-04-30 19:54:44', '2019-04-30 19:54:44'),
(318, 'quidem', 'Et aspernatur aut eligendi in. Ut assumenda quis delectus atque magnam ea nesciunt. Ex vitae quam quae nostrum labore adipisci voluptate. Voluptatibus temporibus ipsa quo harum et aspernatur.', 247, 4, 16, '2019-04-30 19:54:44', '2019-04-30 19:54:44'),
(319, 'est', 'Exercitationem consequatur quasi eaque ipsam deserunt laborum et molestias. Est molestiae tenetur sit aut. Nam odio reiciendis hic. Ipsum veniam quis eos vitae et ducimus.', 574, 0, 25, '2019-04-30 19:54:44', '2019-04-30 19:54:44'),
(320, 'vero', 'Perspiciatis ab cumque aut aut. In omnis porro assumenda sint enim neque aut. Modi quia officia velit aut ut et voluptatem. Saepe id nam voluptas sequi laborum est.', 358, 0, 11, '2019-04-30 19:54:44', '2019-04-30 19:54:44'),
(321, 'voluptates', 'Harum dignissimos et repellat est earum corporis omnis. Eum corrupti nobis odit mollitia dolorum provident pariatur doloremque. Nulla incidunt delectus consequatur. Optio et atque ad.', 700, 8, 6, '2019-04-30 19:54:45', '2019-04-30 19:54:45'),
(322, 'ut', 'Expedita dolor molestias dolore corrupti molestiae totam. Non id molestias quasi accusantium. Accusantium qui temporibus qui perspiciatis.', 712, 8, 25, '2019-04-30 19:54:45', '2019-04-30 19:54:45'),
(323, 'totam', 'At accusamus vitae ratione illo voluptas. Qui et eum incidunt provident. Atque voluptatem iure minus perspiciatis doloremque saepe voluptas magnam.', 503, 3, 4, '2019-04-30 19:54:45', '2019-04-30 19:54:45'),
(324, 'et', 'Quia ut dolore eum ut repellendus illum. Velit facere hic similique voluptatum sed ad delectus. Provident accusantium in deserunt qui sunt corporis. Qui autem molestias necessitatibus magnam optio.', 592, 3, 23, '2019-04-30 19:54:45', '2019-04-30 19:54:45'),
(325, 'consequatur', 'Eaque at iure pariatur minus. Similique quaerat officia doloribus qui aut tenetur. Omnis et minima velit eaque aliquid commodi nihil.', 906, 3, 26, '2019-04-30 19:54:45', '2019-04-30 19:54:45'),
(326, 'cupiditate', 'Iste error dolor omnis omnis culpa accusamus voluptatem. Ad assumenda corrupti ut maxime ipsam nulla. Assumenda sint ut et enim rerum possimus.', 306, 4, 22, '2019-04-30 19:54:45', '2019-04-30 19:54:45'),
(327, 'libero', 'Iure quia rem nesciunt rerum inventore nostrum. Possimus iste nam assumenda ipsum officiis eos. Tempora ut aliquam odit quasi dolor sunt cumque. Quos iusto ipsam explicabo qui soluta sit et dolorem.', 719, 2, 30, '2019-04-30 19:54:45', '2019-04-30 19:54:45'),
(328, 'nisi', 'Consequatur autem ipsam cupiditate voluptates rem numquam voluptates. Earum dolore culpa minus labore aut ipsum. Et voluptatum at sint animi. Quis et odit facilis qui.', 579, 1, 3, '2019-04-30 19:54:45', '2019-04-30 19:54:45'),
(329, 'doloremque', 'Nihil ut nesciunt dolore atque esse laborum omnis. Dolor vel ab vel mollitia. Ratione aut dolores nemo ex. Iusto nam vel aperiam consequatur necessitatibus nesciunt laudantium.', 154, 5, 19, '2019-04-30 19:54:45', '2019-04-30 19:54:45'),
(330, 'modi', 'Necessitatibus voluptate ullam quidem fugiat rerum sequi id. Sed dignissimos molestias incidunt. Quia quod quas amet magnam quae voluptas.', 468, 4, 21, '2019-04-30 19:54:45', '2019-04-30 19:54:45'),
(331, 'non', 'Quidem quaerat qui illum impedit. Quo illo suscipit quas voluptas hic aut fugiat consequatur. Officia dicta sint laboriosam aperiam ea. Rerum tempore ipsam debitis nemo magni.', 777, 8, 16, '2019-04-30 19:54:45', '2019-04-30 19:54:45'),
(332, 'voluptatem', 'Odit aliquid et iusto vel numquam recusandae porro. Blanditiis nisi a vel quibusdam ratione qui facilis rem. Eligendi saepe repudiandae ab illum nostrum explicabo voluptas laborum.', 191, 1, 7, '2019-04-30 19:54:45', '2019-04-30 19:54:45'),
(333, 'ut', 'Numquam consequatur sed quos eaque ut. Doloremque ut libero consequatur ut. Ut est vitae molestias totam. Est a neque maxime quo delectus.', 895, 7, 22, '2019-04-30 19:54:45', '2019-04-30 19:54:45'),
(334, 'commodi', 'Repellendus deleniti in illum cumque ea. Eos quasi et rerum ut et necessitatibus. Voluptatem earum nemo rerum sed commodi quis. Laborum iste magnam sed distinctio officiis.', 540, 1, 25, '2019-04-30 19:54:45', '2019-04-30 19:54:45'),
(335, 'est', 'Eligendi sit officiis blanditiis dolores. Ea et ab esse consequatur reprehenderit repellendus laborum. Debitis fugit sit consequatur. Velit eaque quia adipisci harum.', 950, 8, 12, '2019-04-30 19:54:45', '2019-04-30 19:54:45'),
(336, 'incidunt', 'A ad est aperiam reiciendis incidunt. Qui occaecati aut consequatur laudantium. Quisquam fugit ducimus quis minus corporis omnis.', 701, 7, 18, '2019-04-30 19:54:45', '2019-04-30 19:54:45'),
(337, 'facere', 'Et voluptate non autem mollitia aperiam. Esse qui ad ut repellendus. Aspernatur autem possimus ut quae saepe.', 193, 9, 28, '2019-04-30 19:54:45', '2019-04-30 19:54:45'),
(338, 'deleniti', 'Totam in quis itaque inventore aut. Ipsum officia sit asperiores sit suscipit non eos ad. Et dolor in dolorum quia. Necessitatibus culpa omnis omnis tempore possimus.', 111, 6, 2, '2019-04-30 19:54:45', '2019-04-30 19:54:45'),
(339, 'explicabo', 'Sint et commodi vel. Et qui ut porro iure hic. Iusto ullam natus esse molestias sit labore sed.', 652, 7, 16, '2019-04-30 19:54:45', '2019-04-30 19:54:45'),
(340, 'aut', 'Distinctio distinctio dolores itaque unde quia vel. Omnis aut neque deserunt. Quia distinctio non qui quo qui fugiat.', 995, 8, 17, '2019-04-30 19:54:45', '2019-04-30 19:54:45'),
(341, 'eaque', 'Consequatur magnam vitae ea. Aut tenetur inventore repudiandae perspiciatis dolore. Sit tempore eum aspernatur quis quisquam. Sunt nostrum explicabo laboriosam veniam officia ut praesentium.', 862, 7, 3, '2019-04-30 19:54:45', '2019-04-30 19:54:45'),
(342, 'reiciendis', 'Consequuntur aut ipsam totam autem impedit neque. Ut qui officia aut quisquam reprehenderit reiciendis perspiciatis. Eos dolorem perspiciatis impedit et ullam iure modi quidem.', 297, 5, 5, '2019-04-30 19:54:45', '2019-04-30 19:54:45'),
(343, 'ex', 'Ad et et porro reiciendis. Dolores similique eos voluptatem repudiandae alias architecto. Placeat ipsum modi provident praesentium. Qui facere ut quae suscipit molestiae itaque eveniet. Nemo et ratione nisi qui et suscipit ea aut.', 753, 0, 21, '2019-04-30 19:54:45', '2019-04-30 19:54:45'),
(344, 'ducimus', 'Consectetur velit saepe excepturi enim qui saepe possimus. Veniam sed perspiciatis adipisci minus autem. Nesciunt quod fuga et aut est aut. Sed odit ipsum quaerat expedita.', 576, 4, 7, '2019-04-30 19:54:45', '2019-04-30 19:54:45'),
(345, 'aliquid', 'Libero vel eveniet praesentium sint placeat vero. Nulla quas eos ad. Quis eos ut sed tempora voluptatem. Dolorem non voluptates et recusandae.', 503, 5, 19, '2019-04-30 19:54:45', '2019-04-30 19:54:45'),
(346, 'iste', 'Est officia et est eum iure qui. Esse numquam non ut accusantium. Quam et animi rerum quaerat.', 372, 0, 4, '2019-04-30 19:54:45', '2019-04-30 19:54:45'),
(347, 'odit', 'Ea rerum corrupti reiciendis et ut. Qui voluptatem veniam odio occaecati. Quam maxime culpa et vero. Maxime libero aut est voluptas necessitatibus aspernatur sed. Corrupti sunt cum dolor quod voluptatem atque.', 944, 3, 4, '2019-04-30 19:54:45', '2019-04-30 19:54:45'),
(348, 'amet', 'Pariatur nam accusamus dolor amet accusantium cumque molestias sint. Suscipit nesciunt qui voluptates eaque non ut voluptatum. Omnis iusto aut necessitatibus quo voluptatem illo velit. Ipsum beatae et iure beatae.', 294, 1, 27, '2019-04-30 19:54:45', '2019-04-30 19:54:45'),
(349, 'odit', 'Dolores sit sapiente voluptas laudantium voluptatem. Suscipit cumque provident quia expedita iure. Fugit quo rem magnam voluptas. Repellendus natus debitis blanditiis.', 787, 5, 7, '2019-04-30 19:54:45', '2019-04-30 19:54:45'),
(350, 'et', 'Aut dolore nihil vel dolorum odit aut. Ad sunt fuga aut autem sed enim qui. Non voluptas aliquid est ipsam. Quos dolores et quos hic sit dolor.', 248, 3, 12, '2019-04-30 19:54:45', '2019-04-30 19:54:45'),
(351, 'voluptatum', 'Omnis voluptatem officia eos distinctio. Molestiae pariatur quo itaque quisquam voluptatibus. Non quis molestiae inventore. Omnis animi ut ea iste neque aliquam optio.', 387, 9, 21, '2019-04-30 19:55:34', '2019-04-30 19:55:34'),
(352, 'similique', 'Amet consequatur voluptate ut quis iure molestiae. Iste ea quia consequatur omnis facilis exercitationem quia. Est cumque quo et nihil. Similique harum et quia hic assumenda sed.', 465, 6, 18, '2019-04-30 19:55:34', '2019-04-30 19:55:34'),
(353, 'aut', 'Facilis tenetur molestiae numquam maiores occaecati excepturi facere. Laudantium cupiditate dolorem eius nam quos porro nam. Saepe similique cupiditate at voluptatem. Ipsum commodi dolor illo voluptatem molestias.', 659, 6, 12, '2019-04-30 19:55:34', '2019-04-30 19:55:34'),
(354, 'aut', 'Temporibus cum voluptas accusantium expedita libero natus iure repellat. Quia et cum sit minima veniam necessitatibus id. Voluptas et totam non rerum quia ut eum. Qui asperiores saepe ab id enim.', 342, 0, 8, '2019-04-30 19:55:34', '2019-04-30 19:55:34'),
(355, 'qui', 'Delectus necessitatibus modi asperiores consequatur exercitationem consequatur aspernatur. Quo et ut omnis nisi similique veritatis laborum. Tempora esse non quia ipsa rerum. Aperiam molestiae dignissimos et error quod.', 934, 8, 7, '2019-04-30 19:55:34', '2019-04-30 19:55:34'),
(356, 'nisi', 'Beatae sunt voluptatibus iure tempore reprehenderit similique. Vel tempora voluptates nam iste provident alias aliquid. Mollitia provident est autem mollitia. Illum repudiandae dolore non explicabo. Non qui animi illum accusantium deleniti ullam.', 798, 1, 26, '2019-04-30 19:55:34', '2019-04-30 19:55:34'),
(357, 'non', 'Beatae qui aut iste nobis et. Iure minima quam sed quia autem. Voluptas et voluptas voluptas odit.', 501, 3, 23, '2019-04-30 19:55:34', '2019-04-30 19:55:34'),
(358, 'fugiat', 'Ut et enim quia eum illum. Atque sed veritatis cumque rerum. Consequuntur totam consectetur aut iusto voluptatem commodi minus. Excepturi et iste iusto expedita nostrum.', 131, 4, 4, '2019-04-30 19:55:34', '2019-04-30 19:55:34'),
(359, 'doloremque', 'Saepe accusantium doloremque magni ex dolore aliquam iusto voluptate. Assumenda laudantium dolorum minima ut. Aliquid distinctio soluta voluptas pariatur reprehenderit deleniti est at. Ipsum dignissimos error omnis non et.', 667, 6, 15, '2019-04-30 19:55:34', '2019-04-30 19:55:34'),
(360, 'qui', 'Saepe aspernatur incidunt tempore voluptate autem aut fugit molestiae. Modi veniam explicabo omnis eaque animi voluptatem aut. Soluta voluptatum totam unde in fugit corrupti suscipit.', 856, 9, 21, '2019-04-30 19:55:34', '2019-04-30 19:55:34'),
(361, 'necessitatibus', 'Vitae et rerum consequatur eius officiis. Quia placeat nulla nihil facilis voluptatem sit est. Eum aut cumque explicabo voluptatem temporibus voluptas. Commodi enim recusandae repellat repellendus praesentium qui quia officiis.', 432, 8, 24, '2019-04-30 19:55:34', '2019-04-30 19:55:34'),
(362, 'accusamus', 'Amet delectus tenetur nisi. Voluptatem magnam repellendus ex magnam quaerat. Dicta perferendis sit veniam ut. Est soluta neque et provident eos cumque.', 271, 4, 17, '2019-04-30 19:55:34', '2019-04-30 19:55:34'),
(363, 'temporibus', 'Fugiat enim consequatur voluptatem aliquam. Est alias aut sint eveniet quibusdam. Quas nemo fuga eaque odio suscipit libero dolore.', 475, 9, 24, '2019-04-30 19:55:34', '2019-04-30 19:55:34'),
(364, 'quos', 'Sed laudantium vero eos odit aspernatur. Dignissimos itaque et modi et aut asperiores est voluptatem. Quidem consequatur aut accusamus minus.', 973, 0, 12, '2019-04-30 19:55:34', '2019-04-30 19:55:34'),
(365, 'perferendis', 'Deserunt quas laboriosam ea aut dolor aut. Laborum itaque placeat ut dolore molestiae. Nesciunt non accusamus saepe odit sint laudantium ullam. Minima est iure quibusdam.', 888, 0, 24, '2019-04-30 19:55:34', '2019-04-30 19:55:34'),
(366, 'est', 'Quia natus beatae optio omnis. Nesciunt autem ipsum et est dolores labore eum laboriosam. Ipsa iure recusandae praesentium sint cumque necessitatibus.', 489, 8, 21, '2019-04-30 19:55:34', '2019-04-30 19:55:34'),
(367, 'sunt', 'Voluptatem quos modi ex accusamus odio. Dolores omnis et quibusdam et omnis. Et assumenda sit et molestias autem nihil.', 224, 0, 15, '2019-04-30 19:55:34', '2019-04-30 19:55:34'),
(368, 'repudiandae', 'Laboriosam fuga expedita adipisci ipsam quia enim dolor. Voluptas cumque labore consequuntur aut explicabo veritatis. Quidem enim aliquid distinctio cumque.', 955, 9, 12, '2019-04-30 19:55:34', '2019-04-30 19:55:34'),
(369, 'nobis', 'Corrupti error id voluptatem. Laborum consequuntur sit ea adipisci.', 219, 6, 27, '2019-04-30 19:55:34', '2019-04-30 19:55:34'),
(370, 'non', 'In explicabo nihil culpa voluptatem et dolores. Laudantium iste ratione rerum porro repellat repellat. Nisi dicta vel est tempore sunt. Est et et ducimus quia qui dignissimos.', 258, 3, 11, '2019-04-30 19:55:34', '2019-04-30 19:55:34'),
(371, 'non', 'Quos dolor ipsum nam tempore molestias. Ea modi non quam ad modi vitae. Non neque et id nisi dignissimos reiciendis.', 766, 6, 26, '2019-04-30 19:55:34', '2019-04-30 19:55:34'),
(372, 'optio', 'Illum qui molestiae dolor dolorem eos quia. Eveniet et asperiores et aut possimus. Eos doloribus dolor sed omnis ea.', 721, 8, 26, '2019-04-30 19:55:34', '2019-04-30 19:55:34'),
(373, 'quo', 'Et eligendi hic est quia id voluptates. Facere est ullam saepe consectetur rerum. Nam vel blanditiis sit quo excepturi laborum qui. Quasi minus suscipit ullam ratione repellendus accusantium.', 442, 2, 26, '2019-04-30 19:55:34', '2019-04-30 19:55:34'),
(374, 'et', 'Ad consequatur ut quo est maiores illo deserunt voluptas. Doloribus aut voluptates perspiciatis. Qui ratione adipisci saepe quia.', 106, 4, 15, '2019-04-30 19:55:35', '2019-04-30 19:55:35'),
(375, 'inventore', 'Mollitia molestiae alias est enim inventore. Fugiat omnis eum sunt et et accusantium pariatur. Error ut et quam et qui.', 742, 2, 27, '2019-04-30 19:55:35', '2019-04-30 19:55:35'),
(376, 'maxime', 'Ipsa expedita qui rem. Voluptas reprehenderit vel aperiam totam. Repellendus et ut tempora id. Nesciunt beatae voluptas ex alias nihil tempora doloribus. Unde facere minima totam sit numquam ex aperiam officiis.', 815, 3, 26, '2019-04-30 19:55:35', '2019-04-30 19:55:35'),
(377, 'atque', 'Esse hic enim nam sit aut ipsum eos. Aliquid et ut officia id nulla non et ipsam. Et autem modi dolor.', 806, 4, 13, '2019-04-30 19:55:35', '2019-04-30 19:55:35'),
(378, 'voluptatibus', 'Enim et aliquam similique placeat cumque. Non non vel velit consectetur dolorum recusandae. Aut error adipisci ut consequatur. Cupiditate et ut dolorem voluptatem in.', 469, 0, 2, '2019-04-30 19:55:35', '2019-04-30 19:55:35'),
(379, 'voluptas', 'Ab asperiores aperiam voluptas. Saepe recusandae a qui enim. Et odio praesentium qui accusamus.', 665, 9, 22, '2019-04-30 19:55:35', '2019-04-30 19:55:35'),
(380, 'sequi', 'Quia illo fugiat recusandae quis mollitia reiciendis sit nesciunt. Nulla autem nobis est. Modi ut ad ratione aspernatur. Tempore et rerum eligendi sit tenetur.', 614, 6, 20, '2019-04-30 19:55:35', '2019-04-30 19:55:35'),
(381, 'beatae', 'Culpa sit ut dolorum natus. Sunt et reiciendis labore earum mollitia maxime. Alias quae voluptates fugit eaque labore sint.', 797, 1, 21, '2019-04-30 19:55:35', '2019-04-30 19:55:35'),
(382, 'sint', 'Quam aperiam velit similique molestias corrupti quod provident. Quis non aut itaque consequatur ut. Mollitia aut corrupti quia et quos fugiat et minima. Qui praesentium non ut aspernatur et a.', 625, 7, 22, '2019-04-30 19:55:35', '2019-04-30 19:55:35'),
(383, 'quaerat', 'Nulla commodi iusto neque veniam corrupti quas officia. Hic id quis qui et. Rerum officiis incidunt eveniet voluptatibus maiores aperiam eum.', 860, 0, 30, '2019-04-30 19:55:35', '2019-04-30 19:55:35'),
(384, 'quasi', 'Molestias autem ut corporis eaque exercitationem. Eveniet dolorem accusamus ut nesciunt voluptatum. Et vitae et sit aperiam ad perspiciatis.', 509, 1, 16, '2019-04-30 19:55:35', '2019-04-30 19:55:35'),
(385, 'minus', 'Eos numquam necessitatibus et accusantium amet ullam et. Neque rerum dicta aut suscipit. Nobis earum eum quia ipsam et inventore eum quam.', 379, 8, 24, '2019-04-30 19:55:35', '2019-04-30 19:55:35'),
(386, 'nostrum', 'Doloribus ut distinctio dolores qui dicta aut dolore. Velit quaerat laborum praesentium perspiciatis dolores perferendis. Et aliquid porro dicta vel dolores illum a possimus.', 166, 0, 25, '2019-04-30 19:55:35', '2019-04-30 19:55:35'),
(387, 'assumenda', 'Voluptas dolorum sunt adipisci cumque. Id facilis aliquam dolore a. Recusandae cumque nostrum blanditiis qui fuga.', 576, 5, 6, '2019-04-30 19:55:35', '2019-04-30 19:55:35'),
(388, 'est', 'Neque facere nostrum velit facilis. Quis asperiores officia corporis et. Nihil sunt voluptatum deserunt explicabo. Dolorum officiis qui consectetur qui rerum deleniti dolore.', 531, 9, 21, '2019-04-30 19:55:35', '2019-04-30 19:55:35'),
(389, 'autem', 'Molestiae et voluptas quos eveniet distinctio sit. Ab vero accusantium natus voluptatem id eum molestias. Voluptates voluptatem architecto adipisci eum beatae sit consequatur.', 102, 1, 2, '2019-04-30 19:55:35', '2019-04-30 19:55:35'),
(390, 'quidem', 'Sit similique at quisquam est voluptas quaerat quod. Hic neque cupiditate ea eaque culpa quos. Eos pariatur adipisci explicabo qui nam ut. Veritatis et blanditiis sapiente quasi.', 778, 7, 14, '2019-04-30 19:55:35', '2019-04-30 19:55:35'),
(391, 'ea', 'Doloremque ad sint id vitae. Nulla eius nulla maxime molestiae odit eius tenetur. Sint eligendi culpa et dolores. Temporibus unde et a.', 930, 5, 17, '2019-04-30 19:55:35', '2019-04-30 19:55:35'),
(392, 'sit', 'Eum et autem quo consequatur praesentium. Dolorem ad voluptatem corporis ducimus nostrum voluptatem incidunt corrupti. Est autem iusto quos et sed illum.', 881, 2, 26, '2019-04-30 19:55:35', '2019-04-30 19:55:35'),
(393, 'dignissimos', 'Velit et consequatur aut incidunt deleniti tenetur mollitia. Eligendi libero quis itaque fugit rerum. Excepturi maxime soluta esse quidem exercitationem eum. Id neque recusandae libero hic et molestias.', 925, 6, 10, '2019-04-30 19:55:35', '2019-04-30 19:55:35'),
(394, 'et', 'Eaque necessitatibus nihil qui quos. In ut tempora aliquam inventore maiores non. Delectus similique omnis et suscipit fugit. Dolores est ut et in ratione.', 900, 6, 13, '2019-04-30 19:55:35', '2019-04-30 19:55:35'),
(395, 'et', 'Illo sed doloribus et omnis consequatur illo. Illum consectetur nam et voluptates excepturi nulla sequi. Ut molestiae autem qui commodi amet. Maxime placeat aut iure magni doloribus.', 958, 2, 18, '2019-04-30 19:55:35', '2019-04-30 19:55:35'),
(396, 'sunt', 'Voluptas ut ipsum quos voluptas voluptatem et. Debitis eaque est occaecati dicta quaerat nihil et voluptatibus. Est omnis possimus est ut animi magnam. Accusantium dicta quia occaecati rem.', 102, 5, 25, '2019-04-30 19:55:35', '2019-04-30 19:55:35'),
(397, 'consequuntur', 'Aut voluptatum odit alias vel aliquam culpa. Voluptatum odio minima harum autem voluptas eaque blanditiis.', 662, 4, 13, '2019-04-30 19:55:35', '2019-04-30 19:55:35'),
(398, 'id', 'Tempore aut consequatur molestias odio soluta est. Explicabo eligendi tempora sint animi molestiae. Eligendi rerum quia deleniti sed et ab ipsa.', 906, 3, 10, '2019-04-30 19:55:35', '2019-04-30 19:55:35'),
(399, 'consequatur', 'Temporibus exercitationem ipsum repudiandae asperiores voluptas qui. Accusamus laborum autem ullam qui pariatur sint porro non. Autem fuga voluptatibus ut tenetur.', 967, 4, 4, '2019-04-30 19:55:36', '2019-04-30 19:55:36'),
(400, 'eos', 'Quae possimus ratione odio est rerum quae error fugiat. Laudantium qui fugit aut et fugit aspernatur.', 858, 3, 22, '2019-04-30 19:55:36', '2019-04-30 19:55:36');

-- --------------------------------------------------------

--
-- Table structure for table `reviews`
--

CREATE TABLE `reviews` (
  `id` int(10) UNSIGNED NOT NULL,
  `product_id` int(10) UNSIGNED NOT NULL,
  `customer` varchar(255) COLLATE utf8mb4_unicode_ci NOT NULL,
  `review` text COLLATE utf8mb4_unicode_ci NOT NULL,
  `star` int(11) NOT NULL,
  `created_at` timestamp NULL DEFAULT NULL,
  `updated_at` timestamp NULL DEFAULT NULL
) ENGINE=InnoDB DEFAULT CHARSET=utf8mb4 COLLATE=utf8mb4_unicode_ci;

--
-- Dumping data for table `reviews`
--

INSERT INTO `reviews` (`id`, `product_id`, `customer`, `review`, `star`, `created_at`, `updated_at`) VALUES
(1, 56, 'Tyshawn Walsh', 'Temporibus ipsam fugit dolorum. Omnis voluptatem et tempore nisi. Cumque reiciendis modi accusamus. Repudiandae voluptatem quibusdam atque qui adipisci inventore in.', 3, '2019-04-30 19:55:37', '2019-04-30 19:55:37'),
(2, 303, 'Dr. Timmy Boehm III', 'Repellat voluptas vel molestias inventore incidunt. Est ut eos non illo quia repellendus sit. Rerum laborum sint occaecati ex consequuntur sunt et est.', 5, '2019-04-30 19:55:38', '2019-04-30 19:55:38'),
(3, 163, 'Jerry Cartwright', 'Magnam enim ut est omnis consequatur esse. Quam minus mollitia beatae molestiae in ducimus. Odio blanditiis at vel ea veniam. Incidunt et perspiciatis nesciunt quidem dolor.', 3, '2019-04-30 19:55:38', '2019-04-30 19:55:38'),
(4, 339, 'Moses Grimes', 'Ullam eius velit sunt accusamus quas distinctio. Aut maxime unde non illum repellendus.', 4, '2019-04-30 19:55:38', '2019-04-30 19:55:38'),
(5, 293, 'Prof. Okey Koch Jr.', 'Porro quas numquam qui quod. Et ratione quas et numquam. Et qui minima eum aut ab non. Quas dolorem dolores omnis hic consequuntur dolor earum dicta.', 5, '2019-04-30 19:55:38', '2019-04-30 19:55:38'),
(6, 246, 'Antwan Sauer DDS', 'Illo eos sit placeat asperiores sunt voluptatem illum. Aut odio neque veniam sint. Perferendis ut alias quia facilis ducimus. Corporis consequatur dicta rerum deserunt.', 1, '2019-04-30 19:55:38', '2019-04-30 19:55:38'),
(7, 343, 'Mollie Hegmann', 'Et porro voluptatem quidem harum. Dolor molestiae aliquid sint ut. Magni molestias animi quam numquam voluptas velit. Minus facilis libero quo et quo.', 0, '2019-04-30 19:55:38', '2019-04-30 19:55:38'),
(8, 185, 'Prof. Anahi Jacobi Sr.', 'Voluptates vel et blanditiis quia. Inventore est aut voluptatem iste aut et. Maiores qui aliquid qui voluptate omnis deserunt.', 3, '2019-04-30 19:55:38', '2019-04-30 19:55:38'),
(9, 229, 'Prof. Adrianna Kovacek Sr.', 'Magni est doloribus fugiat et vel sit ipsa delectus. Sapiente odio corporis sunt quidem qui repellendus maiores ratione. Quos aut distinctio cupiditate ad nulla. Soluta inventore voluptatibus dolore ad aut cumque.', 4, '2019-04-30 19:55:38', '2019-04-30 19:55:38'),
(10, 365, 'Karley Grady', 'Eius et facilis et sint. Eos esse repellendus rerum consectetur. Assumenda quod voluptatem rerum quis voluptatibus. Vero fugiat sed et nobis at consequatur maiores quis.', 0, '2019-04-30 19:55:38', '2019-04-30 19:55:38'),
(11, 317, 'Prof. Haskell Ferry MD', 'Quisquam quia praesentium culpa qui optio quis. Laboriosam sit voluptas nisi et voluptatibus. Voluptates voluptatem perspiciatis necessitatibus hic esse autem fugit voluptate. Non necessitatibus sint ea voluptatem et.', 0, '2019-04-30 19:55:38', '2019-04-30 19:55:38'),
(12, 136, 'Augustine Lind DDS', 'Nesciunt labore hic consequatur quos repellat. Eum blanditiis sint officia.', 2, '2019-04-30 19:55:38', '2019-04-30 19:55:38'),
(13, 255, 'Bryana Gottlieb II', 'Non vitae suscipit ut sit. Adipisci in nihil nisi odit ad omnis. Cum eum occaecati eligendi voluptas cumque aut. Consequuntur est in error et distinctio similique mollitia.', 4, '2019-04-30 19:55:38', '2019-04-30 19:55:38'),
(14, 269, 'Israel Marks', 'Quia provident ut architecto ipsa accusantium dolore dolorem aut. Alias minus repellat dolor accusantium placeat. Praesentium explicabo dolorum fugit alias sint doloribus et. Possimus officiis aut autem. Consequuntur sint illo consequatur neque autem soluta.', 2, '2019-04-30 19:55:38', '2019-04-30 19:55:38'),
(15, 218, 'Dr. Delmer Kris', 'Ipsa ea sint accusamus reiciendis porro at delectus. Ut in incidunt nam ducimus ad ab et sunt. Qui enim delectus voluptatem beatae sequi. Quasi est velit ut tenetur ut ducimus.', 4, '2019-04-30 19:55:38', '2019-04-30 19:55:38'),
(16, 37, 'Dr. Celine Wolff III', 'Ut doloremque ea perferendis nihil magnam dolorem. Delectus quae rem debitis est aperiam inventore error consequatur. Fugiat quo sit iste sunt officiis voluptatum. Eos molestias ex enim laborum deserunt est.', 2, '2019-04-30 19:55:38', '2019-04-30 19:55:38'),
(17, 376, 'Constance Hickle', 'Ipsa modi reiciendis accusamus et voluptates temporibus. Atque quos id facilis in cumque illum illo aliquam. Nostrum consectetur distinctio qui totam velit. Aut ut nihil libero ab maiores velit aut rerum.', 4, '2019-04-30 19:55:38', '2019-04-30 19:55:38'),
(18, 289, 'Kennith Donnelly', 'Ea quos ut quis. Eum maiores accusamus atque. Omnis recusandae optio rerum ipsum eaque.', 5, '2019-04-30 19:55:38', '2019-04-30 19:55:38'),
(19, 325, 'Mrs. Kira Rice', 'Quas illo eum doloribus accusantium. Perferendis temporibus itaque praesentium rerum sint enim. Odit eius aut aut pariatur impedit. Ipsum omnis et quidem non.', 5, '2019-04-30 19:55:38', '2019-04-30 19:55:38'),
(20, 297, 'Eli Baumbach', 'Veritatis quisquam commodi voluptas sapiente corporis reiciendis quae. Non accusantium accusamus numquam aut reprehenderit aperiam. Temporibus quasi neque et aut enim et corrupti.', 5, '2019-04-30 19:55:38', '2019-04-30 19:55:38'),
(21, 126, 'Dr. Janis Pollich', 'Magni itaque officia molestias consectetur eligendi omnis et. Quidem non repudiandae autem fuga similique. Consectetur quas ut deserunt eos repudiandae et. Cumque maiores iste et quam odio deserunt culpa.', 3, '2019-04-30 19:55:38', '2019-04-30 19:55:38'),
(22, 188, 'Mandy Green III', 'Et dolor sunt dignissimos sed. Voluptatem dolorem reprehenderit perspiciatis facilis ut. Doloremque asperiores porro blanditiis.', 4, '2019-04-30 19:55:38', '2019-04-30 19:55:38'),
(23, 163, 'Jennings Lueilwitz', 'Voluptates fuga molestiae quod consectetur dolorem soluta. Temporibus illum voluptatum est non dolorem. Ullam commodi libero asperiores sed. Est qui iusto fugiat.', 0, '2019-04-30 19:55:38', '2019-04-30 19:55:38'),
(24, 164, 'Bill Zemlak', 'Sint sed voluptates itaque praesentium. Sequi id ratione praesentium ex. Dolores sunt voluptas voluptatem ea.', 2, '2019-04-30 19:55:38', '2019-04-30 19:55:38'),
(25, 275, 'Jerry Graham', 'Tenetur odit quos perspiciatis similique. Et aut quod minima facilis quas natus exercitationem distinctio. Officiis distinctio voluptas laborum.', 0, '2019-04-30 19:55:38', '2019-04-30 19:55:38'),
(26, 354, 'Jocelyn Upton V', 'Corporis blanditiis perferendis illo velit aut enim. Illo libero velit laboriosam rerum aut in velit voluptas. Atque nam fuga doloribus perspiciatis fuga. Aliquid excepturi quam inventore quam praesentium.', 2, '2019-04-30 19:55:38', '2019-04-30 19:55:38'),
(27, 365, 'Emmanuelle Zemlak V', 'In quidem consequatur autem dolores et. Temporibus quia magni placeat occaecati officia. Vitae totam dolorem aut nisi maxime qui quod. Architecto rerum iste sed tempora.', 2, '2019-04-30 19:55:38', '2019-04-30 19:55:38'),
(28, 216, 'Johnpaul Mertz', 'Doloribus quas est explicabo. Ullam in veniam dolores qui dolores rem. Ex cumque et hic nulla unde culpa deserunt.', 0, '2019-04-30 19:55:39', '2019-04-30 19:55:39'),
(29, 344, 'William Erdman MD', 'Nobis quo et dolores. Nulla architecto corrupti quo tempore dolorum veniam labore id. Ipsum velit dolorem non ab nemo.', 3, '2019-04-30 19:55:39', '2019-04-30 19:55:39'),
(30, 14, 'Isobel Beatty', 'Natus corrupti ut deleniti voluptatem qui earum. Modi reprehenderit laudantium qui. Aut et dolorem veritatis suscipit omnis enim.', 0, '2019-04-30 19:55:39', '2019-04-30 19:55:39'),
(31, 86, 'Berry Jaskolski MD', 'Odio libero labore laudantium sed nesciunt sed. Nisi unde qui et vero eligendi unde recusandae. Voluptatem unde delectus et unde. Praesentium doloremque cupiditate beatae quis illo.', 0, '2019-04-30 19:55:39', '2019-04-30 19:55:39'),
(32, 267, 'Mrs. Madilyn Fritsch II', 'Et aut occaecati exercitationem. Eos nobis ratione ut assumenda atque saepe. Nisi molestias quas itaque natus.', 4, '2019-04-30 19:55:39', '2019-04-30 19:55:39'),
(33, 227, 'Miss Lily Raynor PhD', 'Et quibusdam temporibus et rerum ipsa incidunt ex. Non ipsam voluptas quia tempora illum odit veritatis non. Repudiandae ratione doloremque possimus officia est tempora.', 4, '2019-04-30 19:55:39', '2019-04-30 19:55:39'),
(34, 87, 'Vita Auer', 'Eaque nihil magni est qui eos minima architecto ex. Ipsum magni perspiciatis explicabo eaque neque sint. Libero blanditiis aspernatur nobis aut.', 1, '2019-04-30 19:55:39', '2019-04-30 19:55:39'),
(35, 377, 'Ocie Skiles', 'A et laudantium id quae laboriosam cupiditate. Itaque dicta fugiat animi voluptate illum unde dolorem. Possimus expedita ex adipisci rerum tenetur.', 3, '2019-04-30 19:55:39', '2019-04-30 19:55:39'),
(36, 348, 'Prof. Rebekah Powlowski', 'Voluptatem expedita nulla aliquid ipsam ut beatae. Quas tenetur eveniet consequatur sunt. Soluta impedit autem perspiciatis architecto minima numquam.', 5, '2019-04-30 19:55:39', '2019-04-30 19:55:39'),
(37, 366, 'Miss Asa Schaefer', 'Doloribus velit eum quasi quod debitis natus totam. Eos porro molestiae voluptatibus modi. Laboriosam quis est aut ea quia.', 5, '2019-04-30 19:55:39', '2019-04-30 19:55:39'),
(38, 192, 'Prof. Monserrat Mante Jr.', 'Ut pariatur iure et laboriosam libero error. Asperiores consequatur illum nobis adipisci natus tempora. In eos aut quae aliquid maiores voluptatum voluptate totam. Totam ipsam sint ea.', 4, '2019-04-30 19:55:39', '2019-04-30 19:55:39'),
(39, 250, 'Carolyn Altenwerth', 'Magni sint minus doloremque. Quis et sunt aperiam cupiditate facere. Veritatis sapiente maiores sint hic.', 0, '2019-04-30 19:55:39', '2019-04-30 19:55:39'),
(40, 378, 'Leon Denesik', 'Iusto nostrum dolorem ut sequi. Et consequuntur temporibus voluptatem culpa harum. Esse qui voluptates aspernatur repellat veniam sunt sed. Vitae aut ratione quod beatae quo quia repudiandae.', 0, '2019-04-30 19:55:39', '2019-04-30 19:55:39'),
(41, 155, 'Veda Roberts', 'Repellendus vel quasi qui rem nihil repudiandae. Atque nihil et quo velit. Animi porro sed et fuga.', 2, '2019-04-30 19:55:39', '2019-04-30 19:55:39'),
(42, 268, 'Natalie Mohr', 'Est odio aliquid quo ab fuga ducimus distinctio. Aut magnam atque aliquam culpa maiores. Voluptate repudiandae dolorum sunt porro in.', 3, '2019-04-30 19:55:39', '2019-04-30 19:55:39'),
(43, 232, 'Minnie Gerlach', 'Atque deleniti minus hic nam quia distinctio. Ducimus porro sint qui sit laboriosam voluptas.', 1, '2019-04-30 19:55:39', '2019-04-30 19:55:39'),
(44, 365, 'Dr. Harold Huel', 'Qui commodi illo veniam repellendus. Iure aspernatur laboriosam consequatur a. Aliquam est omnis dolores error veritatis.', 1, '2019-04-30 19:55:39', '2019-04-30 19:55:39'),
(45, 17, 'Cydney Stiedemann', 'Praesentium et aut hic deserunt. Praesentium nostrum perferendis aliquid qui sint dolorem consectetur. Amet sapiente sit recusandae sit dignissimos occaecati. Qui voluptatibus et maiores inventore corporis.', 1, '2019-04-30 19:55:39', '2019-04-30 19:55:39'),
(46, 137, 'Paxton Wunsch DVM', 'Eum veniam in et ipsum quidem. Sed quasi eos recusandae accusamus eum et.', 5, '2019-04-30 19:55:39', '2019-04-30 19:55:39'),
(47, 216, 'Erick Upton', 'Qui dolore et soluta in. Rerum molestiae ratione totam vitae consectetur. Explicabo eaque ipsum veniam reiciendis.', 5, '2019-04-30 19:55:39', '2019-04-30 19:55:39'),
(48, 99, 'Abel Ziemann I', 'In quisquam quia qui et. Consectetur sapiente unde eaque sint. Eum ea tempora rerum qui adipisci omnis voluptas. Sed quidem et explicabo iure quasi ipsum. Omnis est enim quia vero.', 1, '2019-04-30 19:55:39', '2019-04-30 19:55:39'),
(49, 369, 'Wilfredo Abshire III', 'Et quis vel nobis quo sed vel dolorum. Qui odit placeat deleniti dolor nisi quia quis. Libero quod ipsa sed repellat reiciendis aliquam.', 5, '2019-04-30 19:55:39', '2019-04-30 19:55:39'),
(50, 386, 'Dr. Darrel Schamberger', 'Et cum natus ducimus tempore sed. Rerum accusantium corrupti laborum. A sint rerum sunt perspiciatis rem. Quos necessitatibus nulla est placeat.', 1, '2019-04-30 19:55:39', '2019-04-30 19:55:39'),
(51, 38, 'Dr. Isabell Skiles', 'Et quaerat nihil ipsam et. Aspernatur eaque labore ea ut. Non nulla velit ut.', 4, '2019-04-30 19:55:39', '2019-04-30 19:55:39'),
(52, 196, 'Dr. Kiara Krajcik', 'Vel ut dicta minus sit eos voluptatem incidunt. Eos explicabo minima distinctio voluptatem. Autem nam placeat provident asperiores enim iste nostrum. Harum dolores suscipit vel blanditiis officiis commodi dolorem.', 1, '2019-04-30 19:55:39', '2019-04-30 19:55:39'),
(53, 8, 'Jerry Weber', 'Quasi ut deleniti laboriosam rerum consequuntur. Et error aliquid est eum. Ea sit iusto officiis nihil aut reiciendis rerum.', 3, '2019-04-30 19:55:40', '2019-04-30 19:55:40'),
(54, 133, 'Dr. Devyn McClure', 'Impedit sit illo deserunt assumenda sunt omnis eos. Est vero error molestiae voluptates sit eos. Sit quia et ea. Unde et eos iste dolorem animi consequuntur dolore.', 4, '2019-04-30 19:55:40', '2019-04-30 19:55:40'),
(55, 160, 'Edmund Lebsack', 'Nemo ex sed quo cumque. Est placeat est cumque ea soluta sunt. Quia quam maxime qui possimus. Sint at a nulla voluptate dolore eos.', 5, '2019-04-30 19:55:40', '2019-04-30 19:55:40'),
(56, 188, 'Arely Wolf PhD', 'Repellat repudiandae labore qui est quis minima. Consectetur quis assumenda quaerat deleniti. Quaerat rerum qui quia esse ad ut.', 3, '2019-04-30 19:55:40', '2019-04-30 19:55:40'),
(57, 326, 'Dedric Schiller', 'Dolorum totam distinctio dolor autem. At harum dolorum neque maxime velit. Ut inventore et accusantium velit vel libero. Perferendis nisi aut minus cum rerum labore.', 1, '2019-04-30 19:55:40', '2019-04-30 19:55:40'),
(58, 207, 'Ferne Cassin Sr.', 'Saepe cum labore asperiores sint voluptates amet. Sequi velit dolorem dolorum perspiciatis. Commodi quam animi est.', 2, '2019-04-30 19:55:40', '2019-04-30 19:55:40'),
(59, 41, 'Kailee Labadie', 'Dolores reiciendis hic quo rem quos odit nihil qui. Atque illum est quibusdam et est sequi corporis. Deserunt nulla tempora unde consequatur quia ratione eius quia. Aut aut temporibus ab hic. Vel laboriosam id maiores nam error consectetur id.', 4, '2019-04-30 19:55:40', '2019-04-30 19:55:40'),
(60, 123, 'Shany Dibbert', 'Itaque porro non maxime veritatis. Delectus necessitatibus suscipit et deserunt. Iusto sint pariatur eum odio voluptatem doloremque asperiores.', 5, '2019-04-30 19:55:40', '2019-04-30 19:55:40'),
(61, 359, 'Candace Kozey Sr.', 'Consequatur sint quod ut porro. Magnam quia aspernatur sint. Omnis reiciendis blanditiis eos maiores vitae et quod.', 1, '2019-04-30 19:55:40', '2019-04-30 19:55:40'),
(62, 49, 'Beth Bins', 'Nihil quis mollitia et officiis velit. Numquam quia soluta a. Culpa consequuntur voluptatem saepe enim corrupti. Rerum perspiciatis odit adipisci et voluptate magnam. Doloribus veniam sit sit tempora.', 1, '2019-04-30 19:55:40', '2019-04-30 19:55:40'),
(63, 389, 'Victoria Franecki', 'Magnam eligendi in cumque eaque aliquam animi tempore tenetur. Inventore non aut molestiae modi. Dolores qui dicta consequatur quaerat quam ea voluptatem optio.', 3, '2019-04-30 19:55:40', '2019-04-30 19:55:40'),
(64, 61, 'Kristoffer Reinger', 'Eos at est non quod id autem totam. Exercitationem voluptatem dolor dolores fugit voluptatem maiores dolore. Nisi aspernatur laborum eius eum omnis. Suscipit sint iste recusandae dolorem mollitia ipsa dicta officia.', 4, '2019-04-30 19:55:40', '2019-04-30 19:55:40'),
(65, 229, 'Dr. Mateo D\'Amore I', 'Assumenda ut qui aperiam deleniti ut occaecati. Eaque velit ducimus aut explicabo illo. Atque odio voluptas necessitatibus est.', 0, '2019-04-30 19:55:40', '2019-04-30 19:55:40'),
(66, 371, 'Davon Streich', 'Delectus corrupti minus qui aut culpa. Ut dignissimos ut dolores. Iure quaerat minus non non.', 2, '2019-04-30 19:55:40', '2019-04-30 19:55:40'),
(67, 376, 'Daniela Terry', 'Tenetur nulla vitae quia voluptatem quis debitis porro aperiam. Cupiditate architecto ut ducimus non dignissimos adipisci. Ea repellendus facilis dolor eligendi sequi temporibus deserunt tempore. Ullam expedita voluptas dolor aliquam quia soluta molestiae.', 2, '2019-04-30 19:55:40', '2019-04-30 19:55:40'),
(68, 289, 'Oma Leffler', 'Aliquam autem iste neque molestiae et. Deserunt ducimus accusamus qui dolores. Adipisci vitae culpa et perferendis odit vel accusantium.', 3, '2019-04-30 19:55:40', '2019-04-30 19:55:40'),
(69, 313, 'Mr. Kayleigh Heathcote Jr.', 'Aut maxime sed eum autem aut. Et et molestias corrupti magni. Voluptas nulla ex veritatis et dolorem est est. Non iste aliquid non at consequatur vero.', 5, '2019-04-30 19:55:40', '2019-04-30 19:55:40'),
(70, 367, 'Clay Effertz', 'Expedita vero numquam repellat ut dignissimos nesciunt similique. In autem est omnis occaecati.', 1, '2019-04-30 19:55:40', '2019-04-30 19:55:40'),
(71, 58, 'Major Hill', 'Ut inventore aliquam at enim. Voluptas quibusdam itaque ut eius quia delectus est ducimus. Dolorum error ut est harum dolorem consequatur inventore. Molestiae deserunt et facilis quis nobis.', 5, '2019-04-30 19:55:40', '2019-04-30 19:55:40'),
(72, 282, 'Dr. Evert Kirlin', 'Et laborum eum quidem enim unde ducimus omnis. Eius ut quia amet totam. Autem expedita accusantium cupiditate et reiciendis.', 4, '2019-04-30 19:55:40', '2019-04-30 19:55:40'),
(73, 76, 'Anthony Stehr', 'Voluptatem quia quae et aut dignissimos qui alias ut. Temporibus aliquid aliquid aut deleniti fugiat fuga adipisci. Dolor repellat ipsa sapiente aut nemo atque. Est velit animi qui consequatur nihil et.', 2, '2019-04-30 19:55:40', '2019-04-30 19:55:40'),
(74, 8, 'Mr. Jordi Mertz', 'Illum quaerat expedita eveniet qui debitis. Exercitationem enim minus vel est voluptas. Quas dolor eos nobis unde. Debitis soluta vel impedit labore at ut et.', 2, '2019-04-30 19:55:40', '2019-04-30 19:55:40'),
(75, 392, 'Prof. Kaleb Hane DDS', 'Aperiam quibusdam consequuntur autem. Repudiandae et ut facilis earum natus. Cumque aspernatur iusto animi laudantium et delectus. Voluptatem dolorem aspernatur consequatur.', 1, '2019-04-30 19:55:40', '2019-04-30 19:55:40'),
(76, 300, 'Zella McLaughlin', 'Qui sed veniam maiores est sapiente cupiditate. Facilis tenetur quam iure. Voluptatem recusandae molestias quos voluptate numquam sit. Omnis facilis inventore sed tenetur.', 1, '2019-04-30 19:55:40', '2019-04-30 19:55:40'),
(77, 153, 'Hailie Mueller', 'Voluptas ratione placeat atque officia voluptas voluptatem. Cupiditate accusantium cupiditate fugiat ut ipsa ipsam id ut.', 4, '2019-04-30 19:55:40', '2019-04-30 19:55:40'),
(78, 74, 'Thora Schinner', 'Explicabo illo provident sit consequatur corporis vel ea corrupti. Ipsam et mollitia neque placeat consectetur voluptas. Quisquam quis maiores assumenda eum voluptatibus amet optio. Autem unde eos nihil consequatur corporis nihil autem expedita.', 1, '2019-04-30 19:55:40', '2019-04-30 19:55:40'),
(79, 189, 'Laney Rosenbaum', 'Voluptas ut qui debitis eos non totam. Ratione magnam cumque provident officia. Aliquam nesciunt sequi sit sit ducimus omnis quia.', 2, '2019-04-30 19:55:40', '2019-04-30 19:55:40'),
(80, 87, 'Dr. Franz Bogan', 'Praesentium libero ea quia laboriosam. Qui ut nisi nulla et maxime non. Corporis voluptas id unde consequuntur velit velit. In autem deserunt a eum pariatur voluptates. Suscipit iste a consequuntur et aut nostrum.', 0, '2019-04-30 19:55:40', '2019-04-30 19:55:40'),
(81, 207, 'Haylee Wuckert', 'Quas quasi ipsa ut nulla sunt consequatur autem. Repellat repellat odio dolor et aut. Quia et quaerat minima rerum non.', 4, '2019-04-30 19:55:40', '2019-04-30 19:55:40'),
(82, 101, 'Mrs. Aliyah Kunze II', 'Distinctio natus et dolor nihil aut veritatis et. Blanditiis laudantium ad repellendus est esse quod excepturi. Maiores qui et quia et incidunt adipisci. Ullam sed exercitationem dolorem facilis sunt labore. Ea nemo quas qui.', 3, '2019-04-30 19:55:41', '2019-04-30 19:55:41'),
(83, 400, 'Amani Bogisich', 'Tempore mollitia in asperiores odit. Aliquam non enim autem ut nemo voluptatem. Eaque voluptas ut sequi omnis sequi assumenda.', 1, '2019-04-30 19:55:41', '2019-04-30 19:55:41'),
(84, 170, 'Nannie Kiehn', 'Dolores corrupti quis repudiandae illum totam. Vitae voluptate voluptas iusto repellendus.', 2, '2019-04-30 19:55:41', '2019-04-30 19:55:41'),
(85, 379, 'Coty Sipes', 'Quidem harum quo corrupti quia ex cupiditate non ad. Voluptatem veritatis ut omnis. Maxime cum esse et et aliquid aspernatur incidunt.', 5, '2019-04-30 19:55:41', '2019-04-30 19:55:41'),
(86, 284, 'Salvador DuBuque III', 'Illum suscipit rerum velit placeat. Qui beatae at rerum voluptas illo iure. Doloribus deserunt hic tempora quod aut ratione.', 3, '2019-04-30 19:55:41', '2019-04-30 19:55:41'),
(87, 181, 'Dr. Casey Medhurst', 'Rem magni maxime neque et laborum reprehenderit dolores. Voluptas dolore consequatur dolore eum beatae qui qui. Id quae et deleniti soluta.', 0, '2019-04-30 19:55:41', '2019-04-30 19:55:41'),
(88, 267, 'Alexandra Jacobi', 'Quia odio fugiat nulla non in possimus aliquid. Aspernatur maiores quisquam eos sit ipsum et veritatis. Voluptatem unde beatae officiis cum praesentium labore id.', 5, '2019-04-30 19:55:41', '2019-04-30 19:55:41'),
(89, 233, 'Issac Willms', 'In et excepturi neque tempore quos. Error porro non enim aliquid quis saepe. Sit doloremque repellat aut voluptates sed blanditiis quis sit. Dicta vitae nulla aut laboriosam odit.', 5, '2019-04-30 19:55:41', '2019-04-30 19:55:41'),
(90, 139, 'Mr. Wyatt Frami', 'Sint alias expedita dolores. Qui laborum ipsum ipsum dignissimos sed. Dolorem eligendi ipsa ex asperiores corporis est ex.', 3, '2019-04-30 19:55:41', '2019-04-30 19:55:41'),
(91, 196, 'Prof. Rylan Kuhic I', 'Quibusdam dicta animi ut neque cum laborum. Inventore doloribus architecto quaerat. Voluptas qui cupiditate occaecati perspiciatis. Ut beatae quia voluptas voluptatum quia totam. Tenetur cum odio sunt quia.', 3, '2019-04-30 19:55:41', '2019-04-30 19:55:41'),
(92, 335, 'Ms. Makayla McLaughlin', 'Sit odit dicta voluptatem cumque qui. Omnis atque sapiente asperiores.', 1, '2019-04-30 19:55:41', '2019-04-30 19:55:41'),
(93, 395, 'Dr. Cary Lueilwitz MD', 'Itaque neque cum enim dolores debitis earum. Exercitationem fugit assumenda voluptate sint est sit qui. Exercitationem hic autem veritatis neque aut quia non.', 0, '2019-04-30 19:55:41', '2019-04-30 19:55:41'),
(94, 355, 'Mohammed Connelly', 'Quia nihil corrupti assumenda. Ut perspiciatis quis impedit alias porro facilis et explicabo. Quia vero est enim accusamus expedita blanditiis vero aut.', 3, '2019-04-30 19:55:41', '2019-04-30 19:55:41'),
(95, 282, 'Darrion Bartoletti', 'Exercitationem mollitia enim assumenda exercitationem voluptatem iusto enim. Est quidem ut eveniet et eligendi fugiat. Unde sint cum reiciendis ut dolorem unde amet.', 2, '2019-04-30 19:55:41', '2019-04-30 19:55:41'),
(96, 60, 'Dr. Connor Heller DVM', 'Necessitatibus voluptate magnam nulla magnam. Perferendis et ea voluptatem harum. Aut minima magni et inventore sapiente ea suscipit reiciendis. Est velit tenetur iusto quia.', 5, '2019-04-30 19:55:41', '2019-04-30 19:55:41'),
(97, 123, 'Bridgette Kreiger', 'Quo eos aspernatur incidunt voluptatem numquam repellat tempora. Placeat et reiciendis nihil voluptatum. Dolores officia aut corporis reprehenderit doloribus. Eveniet voluptas consectetur porro vel qui.', 5, '2019-04-30 19:55:41', '2019-04-30 19:55:41'),
(98, 77, 'Rory Little III', 'Dolores esse at sint aliquid. Placeat reiciendis et voluptatem quia. Voluptatem cupiditate molestias officia beatae odio sit. Aut at doloribus nesciunt eum nostrum accusantium modi.', 2, '2019-04-30 19:55:41', '2019-04-30 19:55:41'),
(99, 312, 'Tabitha Feil I', 'Est ut accusantium id cupiditate ut. Dolorem rerum maiores delectus quod qui aliquam.', 1, '2019-04-30 19:55:41', '2019-04-30 19:55:41'),
(100, 131, 'Elsie Hintz', 'Quis labore eaque consequatur eligendi delectus qui. Natus saepe eos perspiciatis beatae sit reprehenderit numquam. Itaque esse cupiditate animi aut. Eaque numquam qui sapiente esse non quae culpa praesentium.', 3, '2019-04-30 19:55:41', '2019-04-30 19:55:41'),
(101, 333, 'Rusty Smith', 'Dolor a consequatur eos occaecati. Facilis aut repellat eum consequatur a dolor. Doloremque voluptas harum explicabo molestiae omnis. Eligendi nemo ipsam occaecati aut suscipit maxime ab.', 0, '2019-04-30 19:55:41', '2019-04-30 19:55:41'),
(102, 377, 'Jaida Feil', 'Iure officia cumque doloremque iste. Harum neque facere aut ipsa qui dolore. Aperiam facilis nesciunt magni vero ut enim sed magnam.', 1, '2019-04-30 19:55:42', '2019-04-30 19:55:42'),
(103, 262, 'Cristian Bailey MD', 'Quia ut nobis non incidunt dolores iure. Harum et aperiam consequatur laudantium omnis.', 2, '2019-04-30 19:55:42', '2019-04-30 19:55:42'),
(104, 63, 'Jarret Marks', 'Officia cumque sapiente nihil mollitia est sunt est. Voluptatum est enim earum ex eum consectetur sequi. Delectus est molestiae omnis sunt eius sit dolorem.', 2, '2019-04-30 19:55:42', '2019-04-30 19:55:42'),
(105, 357, 'Keaton Emmerich', 'Aut autem ut voluptatum dolorum quas quos iusto. Qui vel praesentium sed dicta placeat. Impedit deserunt quo architecto velit tenetur voluptate rerum.', 5, '2019-04-30 19:55:42', '2019-04-30 19:55:42'),
(106, 260, 'Therese Ledner PhD', 'Voluptatem nihil et qui repellat qui explicabo. Praesentium mollitia cupiditate consequatur autem accusantium. Voluptate harum et accusamus eius.', 0, '2019-04-30 19:55:42', '2019-04-30 19:55:42'),
(107, 254, 'Monserrat Fadel', 'Earum quas id enim atque dolor praesentium doloremque repellat. Quis nisi aperiam iure cum voluptatibus quisquam a. Voluptas id ut voluptate officiis fugiat.', 5, '2019-04-30 19:55:42', '2019-04-30 19:55:42'),
(108, 276, 'Mr. Kellen Runolfsson DVM', 'Consequatur ullam aperiam et non qui id. Quo omnis deleniti possimus non sequi officia aut est. Ea neque qui debitis voluptas dolores blanditiis exercitationem ea. Numquam ullam quae aut ut quisquam consequatur consequatur.', 3, '2019-04-30 19:55:42', '2019-04-30 19:55:42'),
(109, 79, 'Prof. Constantin Powlowski MD', 'Est architecto et blanditiis iure asperiores accusamus. Unde temporibus sint vitae repellat. Blanditiis dignissimos id sapiente vel. Quia in numquam nihil suscipit autem.', 0, '2019-04-30 19:55:42', '2019-04-30 19:55:42'),
(110, 361, 'Norene Balistreri', 'Beatae doloribus et id. Molestiae pariatur praesentium nam reiciendis. Officia non tempore non perspiciatis dolor aut. Omnis nihil sit impedit qui consequuntur occaecati.', 3, '2019-04-30 19:55:42', '2019-04-30 19:55:42'),
(111, 141, 'Asa Gutkowski', 'Sit corrupti reprehenderit qui dolor et voluptas. Accusamus est corporis dignissimos dignissimos eum. Et iste consequuntur nihil.', 4, '2019-04-30 19:55:42', '2019-04-30 19:55:42'),
(112, 10, 'Arielle Lueilwitz', 'Sapiente veniam est excepturi ducimus. Aspernatur ipsam odio consectetur autem nihil. Et qui incidunt quod eaque cupiditate.', 3, '2019-04-30 19:55:42', '2019-04-30 19:55:42'),
(113, 48, 'Vesta West DDS', 'Est sequi numquam ut quo excepturi. Nihil quisquam aut cum. Repudiandae occaecati excepturi quis. Et itaque sunt qui.', 4, '2019-04-30 19:55:42', '2019-04-30 19:55:42'),
(114, 279, 'Ezra Haag', 'Est aliquam rerum dolores dolor. Ea repellat eaque fugiat at. Non nulla officiis et. Fugiat voluptas eveniet numquam voluptas aut velit.', 3, '2019-04-30 19:55:42', '2019-04-30 19:55:42'),
(115, 16, 'Roma Jacobs', 'Et natus laboriosam laboriosam aut reiciendis nobis. Non eum officiis non libero. Autem non et reprehenderit consequatur.', 1, '2019-04-30 19:55:42', '2019-04-30 19:55:42'),
(116, 19, 'Cody Nienow', 'Qui ab tempora inventore sint ab magni. Nihil est odio dolores repellendus qui impedit corrupti. Ut ut labore repellendus omnis consectetur est.', 2, '2019-04-30 19:55:42', '2019-04-30 19:55:42'),
(117, 290, 'Columbus Ratke V', 'Sunt ducimus dolores et culpa voluptates alias quos porro. Atque nostrum labore aut rerum enim.', 1, '2019-04-30 19:55:42', '2019-04-30 19:55:42'),
(118, 184, 'Kade Johnson I', 'Eos dolorem ut voluptatem qui quaerat labore quam. Non laborum commodi exercitationem nemo sed. Quasi dicta tenetur non illo amet tempora quibusdam. Sunt quod consectetur suscipit.', 2, '2019-04-30 19:55:42', '2019-04-30 19:55:42'),
(119, 83, 'Prof. Ashton Robel', 'Aut sunt voluptatum cumque. Recusandae sit porro mollitia commodi. Natus nam atque temporibus. Ad eveniet corrupti facere cupiditate aperiam minus sint. Iure ut perferendis rerum ut quia quia id.', 3, '2019-04-30 19:55:42', '2019-04-30 19:55:42'),
(120, 225, 'Josefa Goldner', 'Est animi autem dolorem et autem illo. Eaque ipsam esse quia ut quia dolorem. Minima maiores quaerat aliquid eaque asperiores eum sed quas.', 5, '2019-04-30 19:55:42', '2019-04-30 19:55:42'),
(121, 269, 'Kailee Hettinger', 'Error eum eveniet est. Quasi autem quia est ut iure. Rerum consequuntur et praesentium eligendi dolore maiores enim et. Rerum fugit assumenda aut odio quia.', 0, '2019-04-30 19:55:42', '2019-04-30 19:55:42'),
(122, 213, 'Emerald Crona', 'Quisquam excepturi maxime rem iste necessitatibus est. Dolorum vel ut minima aut reiciendis. Ducimus quis ut deleniti laboriosam cumque. Voluptatem similique aut neque.', 5, '2019-04-30 19:55:42', '2019-04-30 19:55:42'),
(123, 91, 'Dante Ratke', 'Illo animi rerum quaerat id inventore. Aperiam accusantium quia quaerat repellat voluptatem. Necessitatibus impedit magnam sequi similique est. Labore eveniet autem aut est rerum voluptas.', 3, '2019-04-30 19:55:42', '2019-04-30 19:55:42'),
(124, 382, 'Trinity Macejkovic', 'Doloremque pariatur aut quidem vitae ipsa. Perferendis voluptatem inventore vitae est. Est blanditiis laboriosam soluta cumque soluta ea. Non voluptas quo similique fugiat consequatur corporis quis.', 5, '2019-04-30 19:55:42', '2019-04-30 19:55:42'),
(125, 204, 'Brando Bauch', 'Repellat ipsum mollitia et sequi quasi. Animi perferendis molestias aut pariatur. Placeat sunt non molestias ea voluptates temporibus est.', 2, '2019-04-30 19:55:42', '2019-04-30 19:55:42'),
(126, 206, 'Dario Metz', 'Consequatur dicta pariatur velit et. Voluptate beatae esse consequatur. Veniam animi ipsa eum animi iste non corporis perferendis. Et blanditiis assumenda aut.', 4, '2019-04-30 19:55:42', '2019-04-30 19:55:42'),
(127, 69, 'Mr. Hobart Reilly IV', 'Ut incidunt non saepe molestiae. Voluptatem consequatur dolor quia. Qui tempora aut recusandae facilis molestiae. Animi ex aliquid voluptates eligendi ut magni omnis accusantium.', 2, '2019-04-30 19:55:42', '2019-04-30 19:55:42'),
(128, 12, 'Vladimir Stoltenberg', 'Fugiat laboriosam atque consequuntur saepe labore voluptas. Repellendus quia officia ipsa quo. Fugiat aperiam praesentium aut. Non sunt enim est est consequatur quos itaque.', 2, '2019-04-30 19:55:42', '2019-04-30 19:55:42'),
(129, 97, 'Dr. Estell Hirthe IV', 'Labore dolor quis sed qui temporibus rem labore. Incidunt maxime voluptate est quidem. Corporis dolorem delectus fugit.', 3, '2019-04-30 19:55:42', '2019-04-30 19:55:42'),
(130, 312, 'Prof. Orland O\'Connell DDS', 'Illo reprehenderit aut quia corrupti molestiae dolores distinctio et. Facilis et ut illo veniam. Veritatis porro est aut aut sit id quia. Est sint qui commodi eum.', 3, '2019-04-30 19:55:42', '2019-04-30 19:55:42'),
(131, 201, 'Maybelle Gusikowski', 'Odio nemo aliquid dolores rerum quae voluptatem recusandae. Quisquam ut nostrum ducimus cumque cum. Ducimus ipsam mollitia minima minima laudantium dolorem. Perferendis exercitationem nostrum nobis omnis voluptatem.', 2, '2019-04-30 19:55:42', '2019-04-30 19:55:42'),
(132, 331, 'Miss Alanna Braun', 'Cupiditate porro vel consectetur natus non atque sed non. Ullam eos consequatur omnis et officia ea. Molestiae deserunt nisi officiis odit alias. Aliquid vel molestias iste itaque.', 0, '2019-04-30 19:55:42', '2019-04-30 19:55:42'),
(133, 10, 'Guadalupe Metz', 'Et aut omnis omnis. Voluptatibus nobis incidunt ex nesciunt vel voluptatem. Asperiores ut nobis voluptates tempore ut consequuntur. Omnis excepturi illo nihil architecto cum cupiditate quis.', 0, '2019-04-30 19:55:43', '2019-04-30 19:55:43'),
(134, 75, 'Eugene Marvin', 'Ipsam praesentium sit dolores veritatis et. Ea deserunt odit id qui voluptatem. Nostrum nihil aperiam omnis expedita eaque sunt. Cum eius fuga in atque voluptas iusto labore sequi. Voluptate eveniet excepturi eum possimus nihil.', 3, '2019-04-30 19:55:43', '2019-04-30 19:55:43'),
(135, 289, 'Otilia Ortiz Sr.', 'Nisi corporis aut nisi provident totam nam pariatur recusandae. Quibusdam fuga ea natus qui impedit et nesciunt atque. Itaque eligendi quisquam qui neque vitae debitis impedit. Quo aut doloribus temporibus quidem numquam velit.', 2, '2019-04-30 19:55:43', '2019-04-30 19:55:43'),
(136, 285, 'Dr. Justen Fritsch', 'Doloremque similique fugiat dolor vel voluptatem aut repudiandae. Veniam assumenda voluptate sunt sed incidunt. Nesciunt maiores id exercitationem et. Voluptas beatae sequi aut eveniet deserunt quas ipsum.', 0, '2019-04-30 19:55:43', '2019-04-30 19:55:43'),
(137, 170, 'Mr. Hugh Spinka DVM', 'Modi magni unde esse rerum voluptatem sint. Voluptatum est tempora rerum voluptas non. Harum impedit repudiandae facilis quis hic voluptatum. Nam quod omnis repellendus unde.', 5, '2019-04-30 19:55:43', '2019-04-30 19:55:43'),
(138, 240, 'Desiree Heller', 'Et ex culpa fuga neque. Ducimus rerum esse provident dolor cumque architecto excepturi. Reiciendis non fugit sint officiis quis qui.', 3, '2019-04-30 19:55:43', '2019-04-30 19:55:43'),
(139, 395, 'Miss Rosella Stanton IV', 'Recusandae qui eos et pariatur blanditiis. Nihil molestiae sunt blanditiis nam. Id placeat dignissimos reiciendis soluta.', 0, '2019-04-30 19:55:43', '2019-04-30 19:55:43'),
(140, 299, 'Prof. Alec Simonis I', 'Vitae adipisci voluptatem maxime eius fugiat perferendis qui quia. Quia sed magnam eos ea reiciendis. Aut numquam expedita deserunt a vel omnis. Exercitationem tempora facere qui praesentium error natus atque.', 0, '2019-04-30 19:55:43', '2019-04-30 19:55:43'),
(141, 240, 'Marc Steuber', 'Et veritatis molestiae in quis nam consequatur. Nesciunt non quia corrupti aut qui dolorum.', 1, '2019-04-30 19:55:43', '2019-04-30 19:55:43'),
(142, 247, 'Christop West', 'Minus et voluptatibus nulla expedita. Placeat doloribus provident sint cupiditate occaecati. Officiis illo ipsa harum numquam hic. Rem rerum nostrum explicabo similique quo aut.', 0, '2019-04-30 19:55:43', '2019-04-30 19:55:43'),
(143, 59, 'Marley Jacobs PhD', 'Omnis quis repudiandae velit illum iusto libero. Sunt quos consequatur ad tempore ut. Illum culpa dolorem autem corporis. Quia unde dolores error eum eveniet quo dolor iusto. Impedit nulla expedita commodi et harum quia doloremque.', 3, '2019-04-30 19:55:43', '2019-04-30 19:55:43'),
(144, 237, 'Jaron Purdy', 'Quibusdam distinctio iusto quaerat doloribus. Totam ducimus et laudantium consequatur. Voluptatum autem expedita nam nobis id voluptatum placeat omnis.', 3, '2019-04-30 19:55:43', '2019-04-30 19:55:43'),
(145, 334, 'Kameron Brown', 'Velit voluptas magnam corporis voluptatem. Dolorum adipisci rerum modi explicabo officia voluptatem aliquid. Vitae consequatur quidem dignissimos ut explicabo. Consequatur sed ad molestiae dolorum.', 0, '2019-04-30 19:55:43', '2019-04-30 19:55:43'),
(146, 27, 'Alverta Altenwerth', 'Voluptas sed aliquid est. Ut ut quo et quos aut eos veritatis. Dignissimos porro praesentium eum quos repellat. Cum ab cumque aut consequatur.', 5, '2019-04-30 19:55:43', '2019-04-30 19:55:43'),
(147, 188, 'Alex Reynolds', 'Totam quisquam quasi at eum animi rerum et. Aperiam beatae doloribus est est harum nemo quaerat. Quasi ut ea dignissimos eligendi assumenda ad accusamus. Odio blanditiis nulla et qui asperiores sunt. Quo repellat ea quis et maiores.', 1, '2019-04-30 19:55:43', '2019-04-30 19:55:43'),
(148, 18, 'Desiree Zboncak', 'Deleniti esse aut odio rerum quia facere amet. Magnam corporis ut sint doloremque. Minus reiciendis et omnis aut et. Fuga amet delectus sed occaecati. Ratione beatae corrupti ab quis atque laboriosam cum.', 1, '2019-04-30 19:55:43', '2019-04-30 19:55:43'),
(149, 48, 'Mrs. Emie Bartoletti', 'Ab occaecati voluptate deleniti incidunt. At ut sit aut sequi delectus recusandae nesciunt. Non dolor quod eligendi necessitatibus aliquam aliquam illo.', 1, '2019-04-30 19:55:43', '2019-04-30 19:55:43'),
(150, 89, 'Ms. Judy Gaylord Jr.', 'Aliquid voluptatem voluptas voluptas error sit consequatur. Aliquid reiciendis quos minus enim alias. Cupiditate est ipsa itaque sequi facilis qui. Sequi quia aut est doloremque tempora vitae autem suscipit.', 3, '2019-04-30 19:55:43', '2019-04-30 19:55:43'),
(151, 336, 'Aiyana Hirthe', 'Corporis laboriosam sed est sunt quidem. Incidunt quia nam officia doloremque. Autem minus dolor perferendis et ut.', 5, '2019-04-30 19:55:43', '2019-04-30 19:55:43'),
(152, 368, 'Jimmy Wolf', 'Recusandae et soluta enim deserunt rerum cum aliquam. Ab iusto amet qui fuga omnis quaerat ea.', 0, '2019-04-30 19:55:43', '2019-04-30 19:55:43'),
(153, 193, 'Rasheed Reynolds Sr.', 'Deserunt ut blanditiis dolorum consequatur. Rem enim porro laudantium sunt. Quo voluptatem voluptatem ipsam ipsam voluptatem incidunt.', 3, '2019-04-30 19:55:43', '2019-04-30 19:55:43'),
(154, 1, 'Samanta Kassulke', 'Voluptas harum magni libero accusamus nisi. Labore et dicta ut eligendi quo cum error. Esse sed nostrum quis aliquam. Dolorem voluptatibus rerum dignissimos ullam eligendi.', 2, '2019-04-30 19:55:43', '2019-04-30 19:55:43'),
(155, 286, 'Finn Lebsack', 'Velit quia et odit dolore dicta aliquid voluptatem. Quae totam voluptate qui quis sit accusantium asperiores ut. Omnis in dolore aliquam aspernatur tempora praesentium. Aut corrupti porro ut facere eos labore excepturi quod.', 2, '2019-04-30 19:55:43', '2019-04-30 19:55:43'),
(156, 51, 'Mia Ondricka', 'Minima amet accusantium nihil aut laboriosam sit. Perferendis facere vero est quas eum excepturi nobis. Ratione voluptatem deserunt doloremque iure fuga et accusamus nisi. Est sunt accusantium tenetur cupiditate dolorem et.', 2, '2019-04-30 19:55:43', '2019-04-30 19:55:43'),
(157, 189, 'Kip Leannon', 'Culpa ex consequuntur laborum pariatur impedit. Quo similique reiciendis quos. Quibusdam ullam omnis error autem eos temporibus.', 2, '2019-04-30 19:55:43', '2019-04-30 19:55:43'),
(158, 346, 'Dr. Jules Sporer', 'Pariatur id quia rerum et sapiente. Quisquam adipisci eum consectetur. Sed sunt eligendi quasi neque reiciendis.', 1, '2019-04-30 19:55:43', '2019-04-30 19:55:43'),
(159, 68, 'Prof. Karson Weber', 'Sed molestiae quia expedita incidunt. Voluptatem ea voluptate quos quia dolores doloremque et. Ipsam omnis omnis qui eaque reprehenderit. Neque incidunt occaecati saepe facilis earum cum maxime.', 5, '2019-04-30 19:55:43', '2019-04-30 19:55:43'),
(160, 302, 'Miss Julia Harber DDS', 'Blanditiis ab vel et ipsa ea laudantium et aliquid. Quas reiciendis dolores enim eveniet rem doloribus sint. Suscipit corrupti vel sapiente sit qui deserunt iusto consequuntur. Ut illo quo cupiditate et.', 4, '2019-04-30 19:55:43', '2019-04-30 19:55:43'),
(161, 361, 'Mrs. Gilda VonRueden DVM', 'Accusantium hic delectus ut minus sint est aut. Sit iste officia voluptate ut sit quo doloremque. Nemo unde consequatur ea amet ut atque. Veritatis quibusdam sint voluptatem ipsum.', 4, '2019-04-30 19:55:44', '2019-04-30 19:55:44'),
(162, 338, 'Dr. Nyah Stiedemann', 'Animi sed distinctio sed amet voluptas aut. Pariatur similique excepturi similique nisi. Dolor laboriosam similique quaerat maxime molestias. Eligendi praesentium iure aut cum labore est et veniam.', 4, '2019-04-30 19:55:44', '2019-04-30 19:55:44'),
(163, 277, 'Destiny Marquardt', 'Non blanditiis et eos dolore consequuntur. Quibusdam sit est sed magni consequatur consequuntur. Aut occaecati voluptas repudiandae aut corporis qui repudiandae. Tempore et quod omnis qui repudiandae voluptate et architecto.', 2, '2019-04-30 19:55:44', '2019-04-30 19:55:44'),
(164, 83, 'Ezequiel Erdman', 'In voluptatem rerum repellat beatae est veniam. Aut in rerum reiciendis quos laudantium quidem aut. Et quia nihil velit rerum.', 4, '2019-04-30 19:55:44', '2019-04-30 19:55:44'),
(165, 71, 'Summer Maggio MD', 'Et sed aut dicta aut. Qui et dolorem autem ut.', 2, '2019-04-30 19:55:44', '2019-04-30 19:55:44'),
(166, 253, 'Orie Conn', 'Voluptas occaecati et error fuga fuga. Eius et est est a exercitationem. Mollitia consectetur hic ipsum eligendi.', 3, '2019-04-30 19:55:44', '2019-04-30 19:55:44'),
(167, 9, 'Aileen Hagenes', 'Atque quia voluptas perspiciatis aut non. Quia et provident dolor tempore sint et est. Porro aut quia sit doloremque. Dicta et ut molestiae id ullam.', 4, '2019-04-30 19:55:44', '2019-04-30 19:55:44'),
(168, 243, 'Frederique Kohler', 'Beatae recusandae enim optio. Minus quia eos hic laborum adipisci aut. In dolorem ea temporibus. At perferendis officiis voluptatibus qui autem.', 3, '2019-04-30 19:55:44', '2019-04-30 19:55:44'),
(169, 291, 'Grace Donnelly', 'Et iste dicta molestias voluptas recusandae qui non est. Non facilis est veniam voluptas est aut ad laborum. Pariatur eaque distinctio sed quis in est consequatur ducimus. Voluptatem et rem natus labore sit.', 2, '2019-04-30 19:55:44', '2019-04-30 19:55:44'),
(170, 363, 'Ms. Willie Moen', 'Nihil accusantium et dicta commodi aliquam. Quo nihil culpa pariatur omnis quos. Sed ex consequatur facilis quod est.', 0, '2019-04-30 19:55:44', '2019-04-30 19:55:44'),
(171, 71, 'Graciela Harris', 'Non corporis tempore laborum. Qui delectus et eum nostrum alias. Minima dolores nemo et explicabo omnis molestiae fuga. Quis doloremque reprehenderit quo sapiente. Modi ratione laudantium repellat quos.', 3, '2019-04-30 19:55:44', '2019-04-30 19:55:44'),
(172, 349, 'Alejandra Ortiz', 'Hic delectus illo nostrum perspiciatis quis est vero qui. Voluptates impedit et harum reiciendis repellat dolor dolorem. Ut eligendi nulla amet et error exercitationem in. Id porro voluptatum et.', 3, '2019-04-30 19:55:44', '2019-04-30 19:55:44'),
(173, 86, 'Elsa Huels', 'Laboriosam quo voluptatum dicta natus sit aut. Et sed iure fuga eaque. Autem inventore sapiente corrupti illo labore. Qui nulla et vitae.', 4, '2019-04-30 19:55:44', '2019-04-30 19:55:44'),
(174, 137, 'Ms. Sabina Mante V', 'Perferendis quia nihil velit porro qui doloremque hic. Ipsum reprehenderit veritatis et voluptatem sit in ducimus veritatis. Reprehenderit laudantium aspernatur quas quia ab eaque voluptatem. Necessitatibus voluptatem sint voluptatem voluptas officia.', 2, '2019-04-30 19:55:44', '2019-04-30 19:55:44'),
(175, 165, 'Mr. Jerad Stracke Jr.', 'Voluptas modi recusandae architecto eaque rem atque possimus magni. Laboriosam aliquid vel est quia qui et sed adipisci. Qui at voluptatum molestiae sit. In voluptates itaque consequatur assumenda.', 4, '2019-04-30 19:55:44', '2019-04-30 19:55:44'),
(176, 345, 'Kian Osinski', 'Neque eveniet debitis labore fuga sit aliquam. Ab adipisci natus aliquam est tempore quis. Aut et sequi numquam totam consequatur repellat. Accusamus et alias atque quibusdam autem. Veniam odio laboriosam error accusantium quo quidem eum.', 3, '2019-04-30 19:55:44', '2019-04-30 19:55:44'),
(177, 133, 'Samson O\'Reilly', 'Nostrum qui nihil dolorem facere consequatur quod harum. Quia nihil est rerum culpa quaerat. Odit aut inventore repellendus consequatur voluptate ea accusamus. Minima illum eos magnam qui molestiae eum voluptas.', 5, '2019-04-30 19:55:44', '2019-04-30 19:55:44'),
(178, 210, 'Prof. Tressa Legros', 'Minus veritatis nesciunt repellendus ipsa. Voluptas quia dolorem illum molestias aut numquam eligendi debitis. Earum illum id quidem accusantium. Illum eaque aut modi sunt sunt adipisci.', 5, '2019-04-30 19:55:44', '2019-04-30 19:55:44'),
(179, 278, 'Freda Howe', 'Sunt et temporibus blanditiis. Tempore cum animi alias voluptatem. Autem quia laboriosam alias voluptas. Sit sequi mollitia molestiae id voluptatum aspernatur.', 3, '2019-04-30 19:55:44', '2019-04-30 19:55:44'),
(180, 76, 'Burley Mayert', 'Veniam aliquam qui corrupti optio dolores sit qui. Ut qui ea distinctio architecto non. Iste nobis voluptatem molestias fugit dolores omnis.', 4, '2019-04-30 19:55:44', '2019-04-30 19:55:44'),
(181, 234, 'Ms. Krystal Wilkinson II', 'Est tempora et fugit et est dolor omnis. Quia assumenda ut ut vel totam a voluptas. Vel aliquid dolorem est molestiae. Maiores rerum earum autem repudiandae quo. Aliquid sit porro error reiciendis et.', 3, '2019-04-30 19:55:44', '2019-04-30 19:55:44'),
(182, 128, 'Miss Amalia Rau PhD', 'Delectus enim dignissimos sed dolore expedita. Est voluptatem doloribus molestiae culpa earum. Error consequatur et et est voluptatum. Alias inventore et et.', 4, '2019-04-30 19:55:44', '2019-04-30 19:55:44'),
(183, 154, 'Prof. Abby Jakubowski MD', 'Quia harum commodi laborum eos maxime. Voluptatem cupiditate vel dolores. Sint mollitia vel quia doloribus aperiam aut voluptatem consequatur. Est nihil corrupti officia voluptatem dignissimos. Pariatur provident iure dolorem rerum.', 4, '2019-04-30 19:55:44', '2019-04-30 19:55:44'),
(184, 364, 'Hobart Mitchell', 'Ut est voluptatibus maxime accusantium consequatur distinctio. Iusto est voluptatem repudiandae beatae excepturi et. Omnis alias sint placeat doloribus nostrum. Dolores voluptates facere vel.', 0, '2019-04-30 19:55:44', '2019-04-30 19:55:44'),
(185, 139, 'Delia Dickinson', 'Odio nostrum et sit et. Sapiente laborum dolore perferendis consequuntur dolorem perspiciatis. Ipsa deserunt fugiat enim enim rem maiores ipsam.', 4, '2019-04-30 19:55:44', '2019-04-30 19:55:44'),
(186, 203, 'Lurline Morissette', 'Sed nulla sed voluptatibus ea veniam. Aliquid aliquam rem laborum optio. Quae eos unde vitae deserunt ad maiores consequatur repudiandae. Pariatur quia quia optio incidunt ea itaque.', 2, '2019-04-30 19:55:44', '2019-04-30 19:55:44'),
(187, 292, 'Gustave Kohler', 'Ut tempore animi quisquam impedit. Amet tenetur incidunt quia fuga. Reiciendis id expedita facilis. Dolor ratione debitis vel quia velit.', 2, '2019-04-30 19:55:44', '2019-04-30 19:55:44'),
(188, 254, 'Prof. Fausto Padberg II', 'Vel laudantium deserunt harum neque. Cupiditate quasi voluptatem vel autem velit voluptas ratione quam. Voluptas animi placeat qui aut harum in sit eum.', 1, '2019-04-30 19:55:44', '2019-04-30 19:55:44'),
(189, 9, 'Rebekah Cole', 'Ut expedita sequi omnis sint voluptatibus suscipit aliquid. Aliquam libero fuga tempore. Magni tempora facilis vel quibusdam voluptas. Explicabo iusto natus voluptas doloribus.', 1, '2019-04-30 19:55:44', '2019-04-30 19:55:44'),
(190, 247, 'Prof. Houston Lueilwitz', 'Placeat molestias voluptate id doloremque animi qui voluptates. Ut ut eos maiores sapiente. Enim quo reprehenderit mollitia dolorem est.', 5, '2019-04-30 19:55:44', '2019-04-30 19:55:44'),
(191, 269, 'Sarah Maggio', 'Vel atque facilis aperiam ipsa. Nobis voluptas tempora corrupti praesentium dolores non. Qui deleniti sit ut recusandae cumque laudantium. Et a quis aut.', 1, '2019-04-30 19:55:44', '2019-04-30 19:55:44'),
(192, 327, 'Christina Effertz', 'Voluptas quam reprehenderit hic necessitatibus aut repellat sint nesciunt. Quisquam eum alias quis consequatur quas enim.', 3, '2019-04-30 19:55:45', '2019-04-30 19:55:45'),
(193, 66, 'Juwan Bechtelar', 'Est tempora deleniti dicta placeat veniam ratione. Aut vel nulla quidem voluptates. Omnis autem id accusantium corporis. Amet a rem vitae alias magni corporis vitae.', 0, '2019-04-30 19:55:45', '2019-04-30 19:55:45'),
(194, 147, 'Mercedes Beahan', 'Ratione a et minima sit totam. Perferendis eos distinctio modi ipsam molestias deleniti. Vitae et perspiciatis labore beatae sint minima corrupti.', 1, '2019-04-30 19:55:45', '2019-04-30 19:55:45'),
(195, 210, 'Dr. Annetta Gerhold', 'Qui sunt cumque facere ut. Sunt accusantium voluptas quo saepe incidunt earum animi molestiae. Sit itaque ducimus voluptas accusantium ut voluptates omnis nemo.', 2, '2019-04-30 19:55:45', '2019-04-30 19:55:45'),
(196, 296, 'Laurel Bednar DDS', 'Dolorem voluptates enim voluptatibus eos ad ducimus aut. A perferendis labore sunt et est enim. Adipisci ex iusto quia.', 5, '2019-04-30 19:55:45', '2019-04-30 19:55:45'),
(197, 230, 'Nettie Kihn', 'Quia sint numquam minus consequatur magnam. Sit quam quo aut laudantium. Reprehenderit qui blanditiis deleniti qui et temporibus rerum.', 3, '2019-04-30 19:55:45', '2019-04-30 19:55:45'),
(198, 48, 'Tia Walker', 'Tempore velit sint nisi harum qui sit quo. Tenetur et vel et iusto itaque.', 0, '2019-04-30 19:55:45', '2019-04-30 19:55:45'),
(199, 138, 'Alicia Thompson', 'Praesentium illum omnis optio aspernatur velit voluptatem officia. Beatae rerum explicabo incidunt ullam libero illum occaecati maxime. Molestias magnam aliquam dolorem soluta voluptas voluptates aut nesciunt.', 5, '2019-04-30 19:55:45', '2019-04-30 19:55:45'),
(200, 174, 'Mr. Jadon Homenick', 'Est iusto molestiae dolore rem. Omnis aut repellat distinctio. Esse temporibus aut dolores aspernatur.', 1, '2019-04-30 19:55:45', '2019-04-30 19:55:45'),
(201, 253, 'Hailee Predovic', 'Nihil illo eum aut in et laudantium. Magnam est ullam quo consequatur unde nobis repellat aperiam. Ex nihil fuga eveniet. Enim incidunt in quisquam consequatur est.', 2, '2019-04-30 19:55:45', '2019-04-30 19:55:45'),
(202, 308, 'Jody Bins', 'Harum voluptatem occaecati quis. Iste dolores fugit rerum temporibus enim et. Nihil occaecati quidem sunt non placeat at. Aperiam quo nobis hic qui quis.', 0, '2019-04-30 19:55:45', '2019-04-30 19:55:45'),
(203, 32, 'Citlalli Goyette', 'Aut repellat repudiandae dolorum perferendis possimus provident quam. Dolor velit quo qui aut quia delectus ut. Est aut neque perspiciatis tempora.', 2, '2019-04-30 19:55:45', '2019-04-30 19:55:45'),
(204, 158, 'Gaetano Kunde', 'Vero accusamus at quia asperiores velit sunt. Culpa atque eos non id dignissimos. Vel perferendis aut quas iusto ut aut.', 3, '2019-04-30 19:55:45', '2019-04-30 19:55:45'),
(205, 321, 'Felipe Crooks', 'Magni illum deleniti fugiat delectus aspernatur et autem sit. Labore eligendi eligendi voluptates corrupti itaque rerum a. Maxime ab cum rerum provident provident eum.', 0, '2019-04-30 19:55:45', '2019-04-30 19:55:45'),
(206, 79, 'Frida Sanford', 'Omnis ut quis impedit modi ea. Rerum eos quos assumenda vel quae. Et amet molestiae qui architecto neque itaque.', 0, '2019-04-30 19:55:45', '2019-04-30 19:55:45'),
(207, 15, 'Vernice Kilback', 'Hic ratione dicta eveniet rerum tenetur recusandae. Eum minus et asperiores eaque sit et asperiores. Atque et quaerat odio veritatis dolorum nam. Alias voluptatum voluptatem unde ex id.', 4, '2019-04-30 19:55:45', '2019-04-30 19:55:45');
INSERT INTO `reviews` (`id`, `product_id`, `customer`, `review`, `star`, `created_at`, `updated_at`) VALUES
(208, 315, 'Eveline Muller', 'Optio cupiditate sed qui est provident. Ut et itaque voluptas reiciendis repellendus illum consequatur. Dicta itaque maxime deleniti ut nemo voluptas eum. Enim totam sit velit.', 5, '2019-04-30 19:55:45', '2019-04-30 19:55:45'),
(209, 251, 'Hershel Johnston', 'Nam iste aut est ratione. Minus voluptas sunt suscipit rem dolores. Dolorum quia vel ullam.', 4, '2019-04-30 19:55:45', '2019-04-30 19:55:45'),
(210, 69, 'Domenico Ullrich PhD', 'Eum est ea eos fugit ipsa modi enim iure. Voluptates eligendi debitis quibusdam assumenda enim eos dignissimos. Aspernatur odio iste nobis excepturi et magni sed.', 5, '2019-04-30 19:55:45', '2019-04-30 19:55:45'),
(211, 186, 'Birdie Lindgren Jr.', 'Ut asperiores dolores enim blanditiis rerum modi consequatur. Assumenda doloribus beatae dolorum est. Molestiae maiores rerum sunt est inventore omnis tempora totam. Distinctio veniam eaque non voluptates aliquam est.', 2, '2019-04-30 19:55:45', '2019-04-30 19:55:45'),
(212, 5, 'Caden Jacobs', 'Non illum possimus dolorem explicabo facere eius et. Facilis molestias autem ut nulla dicta et. Accusamus laudantium harum molestiae vero.', 2, '2019-04-30 19:55:45', '2019-04-30 19:55:45'),
(213, 26, 'Marlee Christiansen', 'Odit esse aut sed facere. Aut dolorem reprehenderit repudiandae ut quo ad. Nobis occaecati ea qui sint.', 0, '2019-04-30 19:55:45', '2019-04-30 19:55:45'),
(214, 37, 'Eli Muller', 'Omnis dicta maxime alias fugit. Repudiandae nisi sit et neque et. Laborum omnis esse atque quia praesentium. Tempore nemo et numquam est optio qui.', 0, '2019-04-30 19:55:45', '2019-04-30 19:55:45'),
(215, 59, 'Roosevelt Fahey III', 'Atque recusandae ab et. Vero ut illo rerum esse occaecati labore.', 1, '2019-04-30 19:55:45', '2019-04-30 19:55:45'),
(216, 97, 'Prof. Lisette Halvorson', 'Omnis necessitatibus sunt odit et aliquid fuga. Odio autem aperiam earum quia saepe distinctio placeat quos. Nostrum quo atque quidem aut laudantium aspernatur. Est velit natus perspiciatis officia.', 1, '2019-04-30 19:55:45', '2019-04-30 19:55:45'),
(217, 384, 'Dr. Laury Bahringer', 'Sit sed doloremque ducimus distinctio. Reiciendis in cumque et aut. Ipsam exercitationem occaecati fugiat. Assumenda optio est harum nemo.', 5, '2019-04-30 19:55:45', '2019-04-30 19:55:45'),
(218, 381, 'Santino Morar', 'Rerum ut voluptatum eum illum reiciendis. Fugit veritatis odit autem. Et aut non numquam temporibus laborum nesciunt. Unde ab nisi sit iure ab.', 5, '2019-04-30 19:55:45', '2019-04-30 19:55:45'),
(219, 305, 'Watson Jacobson', 'Minima qui nemo iste facere. Vero pariatur veniam deserunt. Totam minus odio sunt.', 4, '2019-04-30 19:55:46', '2019-04-30 19:55:46'),
(220, 151, 'Terrill Marquardt', 'Veritatis consequatur qui enim tenetur tempora. Nisi non minus sit qui non sint neque. Voluptatem dicta laborum sunt nam molestias esse dicta non.', 2, '2019-04-30 19:55:46', '2019-04-30 19:55:46'),
(221, 209, 'Troy Armstrong DVM', 'Vel omnis corrupti recusandae dolorem ullam aut consequatur. Vel illum commodi officiis dolor. Ratione enim quisquam corporis et aut. Est et pariatur est aut aut.', 0, '2019-04-30 19:55:46', '2019-04-30 19:55:46'),
(222, 185, 'Rosalyn Kertzmann', 'Expedita ipsa aut non mollitia nam nemo. Voluptas sit eum molestiae reprehenderit. Veniam at non non quas reprehenderit nesciunt perspiciatis aut. Qui harum saepe eaque quaerat iure. Incidunt eius eaque qui enim corporis.', 3, '2019-04-30 19:55:46', '2019-04-30 19:55:46'),
(223, 90, 'Rosalind Auer', 'Libero dolorum quis soluta assumenda enim nemo esse. Illum ut ut aut earum eligendi. Animi dolores et sunt incidunt assumenda incidunt.', 0, '2019-04-30 19:55:46', '2019-04-30 19:55:46'),
(224, 325, 'Roxane Eichmann', 'Ea non nulla voluptatem ea. Ex porro delectus accusamus distinctio eum optio doloribus porro. Aut et delectus dolores hic.', 5, '2019-04-30 19:55:46', '2019-04-30 19:55:46'),
(225, 82, 'Rasheed Adams DDS', 'Tempore nemo omnis officiis itaque. Accusamus eos ut dicta quo. Id eveniet dolores omnis velit amet reprehenderit. Aut beatae sed est.', 5, '2019-04-30 19:55:46', '2019-04-30 19:55:46'),
(226, 235, 'Mr. Domingo Lindgren', 'Cum aspernatur doloribus rerum incidunt totam. Nihil quae animi et tempora illum. Enim dolores aut eos quisquam perspiciatis.', 4, '2019-04-30 19:55:46', '2019-04-30 19:55:46'),
(227, 205, 'Al Roberts DVM', 'Perferendis qui aut ullam rerum quas dolorum eum eum. Et libero amet itaque ea aperiam qui. Ex totam aspernatur repellendus.', 0, '2019-04-30 19:55:46', '2019-04-30 19:55:46'),
(228, 162, 'Muriel Rodriguez', 'In facilis qui distinctio nostrum. Vero est sed sequi commodi dolores.', 2, '2019-04-30 19:55:46', '2019-04-30 19:55:46'),
(229, 112, 'Lois Waelchi', 'Facere vero fugiat exercitationem velit consectetur qui nesciunt ut. Est voluptatem esse inventore ipsum et architecto vero. Natus nulla illum est adipisci sed eveniet est. Doloremque non voluptatum rem non. Explicabo fugiat repellat velit sapiente.', 3, '2019-04-30 19:55:46', '2019-04-30 19:55:46'),
(230, 372, 'Alford Runolfsdottir', 'Dolores incidunt aut beatae aut ipsa optio nisi consequatur. Omnis molestias et asperiores quas sapiente ut pariatur. Qui ipsum vitae minima architecto.', 3, '2019-04-30 19:55:46', '2019-04-30 19:55:46'),
(231, 151, 'Kade Kuphal PhD', 'Adipisci quia animi corporis omnis pariatur deleniti. Quidem aut quas magnam nihil. Quaerat est quia nihil.', 0, '2019-04-30 19:55:46', '2019-04-30 19:55:46'),
(232, 83, 'Lamar Pouros', 'Illum ex necessitatibus nihil impedit quia numquam. Nobis cumque voluptatem nisi modi vel magnam possimus neque.', 2, '2019-04-30 19:55:46', '2019-04-30 19:55:46'),
(233, 106, 'Jefferey Conn II', 'Qui neque numquam omnis sed et. Accusantium tenetur reprehenderit quo aliquam velit rerum. Doloremque autem cupiditate eius quos officia dolor porro. Consectetur sunt sunt voluptatum et. Adipisci saepe aspernatur aspernatur suscipit qui id est.', 2, '2019-04-30 19:55:46', '2019-04-30 19:55:46'),
(234, 198, 'Idella Maggio', 'Recusandae non sapiente est perferendis aut. Expedita doloremque quo quia maiores. Hic quia similique odio iusto unde quae quaerat quia.', 0, '2019-04-30 19:55:46', '2019-04-30 19:55:46'),
(235, 121, 'Dr. Asha Gerlach', 'Et soluta hic aspernatur odio quaerat. Nostrum est numquam voluptatibus ea ea magni qui. Et cupiditate architecto non ut magnam dolorem autem.', 1, '2019-04-30 19:55:46', '2019-04-30 19:55:46'),
(236, 212, 'Janet Mueller', 'Dolor harum culpa distinctio aspernatur expedita atque. Illum laborum aliquam maiores voluptas fugiat. Voluptatem repellendus tempore ut aperiam voluptatem. Ea occaecati tempora temporibus.', 5, '2019-04-30 19:55:46', '2019-04-30 19:55:46'),
(237, 88, 'Cecile Wisoky', 'Ea veniam ut et. Enim delectus quidem sunt aspernatur sit inventore rem. Ea fuga autem placeat dolor.', 3, '2019-04-30 19:55:46', '2019-04-30 19:55:46'),
(238, 199, 'Emory Williamson V', 'Distinctio non placeat aut perferendis. Exercitationem est officiis sapiente cum omnis perferendis commodi. Saepe ex porro ea dolores.', 0, '2019-04-30 19:55:46', '2019-04-30 19:55:46'),
(239, 339, 'Prof. Sunny Jones Jr.', 'Est ad et consequatur laborum. Est in aut sit optio sapiente molestiae. Aut quis cupiditate ex eaque possimus laboriosam. Veniam numquam quia et sit. Et hic voluptatem et.', 3, '2019-04-30 19:55:46', '2019-04-30 19:55:46'),
(240, 336, 'Furman Williamson', 'Voluptatibus cumque porro consequatur architecto. Aperiam et suscipit et aliquid doloremque. Assumenda et quisquam non eveniet porro. Id voluptatum quo sit sit.', 2, '2019-04-30 19:55:46', '2019-04-30 19:55:46'),
(241, 326, 'Prof. Ashley Crist', 'Delectus modi possimus dolorem libero iusto. Voluptatem aut ipsam praesentium est est amet quibusdam. Voluptatum magni id quaerat aperiam fugit. Perferendis commodi asperiores et sapiente tempore sint. Consectetur qui quam illum perferendis.', 3, '2019-04-30 19:55:46', '2019-04-30 19:55:46'),
(242, 204, 'Makenna Reinger Jr.', 'Pariatur odit laborum quisquam itaque praesentium. Est est ratione repellendus consequatur est. Ut aut expedita distinctio error. Est excepturi dolorem enim dignissimos omnis rerum.', 1, '2019-04-30 19:55:46', '2019-04-30 19:55:46'),
(243, 337, 'Lambert Kohler', 'Sed rerum ut minus blanditiis quo cum a. Dolor itaque eum omnis occaecati aspernatur facilis. Minima soluta vero esse eos quod eum.', 4, '2019-04-30 19:55:46', '2019-04-30 19:55:46'),
(244, 213, 'Sean Hoeger II', 'Maxime fuga alias atque quia voluptate omnis. Ipsum repellendus non dolorum non sint tempore. Error est animi rerum optio qui. Cupiditate velit ea quo dolorum eius aperiam.', 0, '2019-04-30 19:55:46', '2019-04-30 19:55:46'),
(245, 92, 'Elouise Schaden', 'Ut ut officiis ea ut. Voluptas ipsa culpa ut ut sit aspernatur rerum debitis. Nobis ut alias quisquam ut. Eum et odit in dolorem exercitationem hic.', 4, '2019-04-30 19:55:46', '2019-04-30 19:55:46'),
(246, 284, 'Dr. Zachariah Dare', 'In necessitatibus illum ab a fugit. At natus sit sit dolorem. Culpa voluptatum sed occaecati voluptatem voluptatem eum. Consequatur assumenda quo dolorem totam quo veniam officiis.', 5, '2019-04-30 19:55:46', '2019-04-30 19:55:46'),
(247, 66, 'Dr. Hallie McLaughlin V', 'Aut dicta quod labore cum saepe minus. In rerum illo aut harum illo distinctio. Eum eos et neque dolorum ducimus quod eos quo.', 3, '2019-04-30 19:55:46', '2019-04-30 19:55:46'),
(248, 55, 'Antwon Stark II', 'Et ut in hic. Deserunt non ut aut corrupti animi non doloribus. Adipisci omnis neque natus assumenda id recusandae.', 2, '2019-04-30 19:55:47', '2019-04-30 19:55:47'),
(249, 284, 'Gladyce Rice', 'Cum fugiat distinctio debitis quo corrupti alias dolorem. Voluptas eligendi expedita nobis consequatur aut pariatur labore eaque. Explicabo quis odio voluptatem vel perferendis dolor. Ea hic repellat velit nesciunt voluptatum reiciendis.', 0, '2019-04-30 19:55:47', '2019-04-30 19:55:47'),
(250, 337, 'Emmalee Blanda', 'Autem saepe vel reprehenderit a porro nisi suscipit. Omnis nulla laudantium totam repellendus quam et necessitatibus tempora. Saepe est molestiae quisquam omnis. Rerum eum error velit recusandae minus est.', 4, '2019-04-30 19:55:47', '2019-04-30 19:55:47'),
(251, 321, 'Mr. Emmet Crist IV', 'Odit labore rem praesentium cum. Et velit et animi labore quis molestias aut. Eos at provident laudantium eligendi dolore aut.', 2, '2019-04-30 19:55:47', '2019-04-30 19:55:47'),
(252, 329, 'Armani Stamm', 'Magnam non odit et libero dolor. Aliquam non et reprehenderit repudiandae possimus. Animi voluptatem ipsa animi quidem et voluptas architecto.', 5, '2019-04-30 19:55:47', '2019-04-30 19:55:47'),
(253, 338, 'Cortez Wilkinson', 'Recusandae nesciunt et praesentium laborum. Exercitationem ex facere cumque non placeat alias. Consequatur quos impedit commodi minima.', 1, '2019-04-30 19:55:47', '2019-04-30 19:55:47'),
(254, 398, 'Royce Pfeffer', 'Unde nobis nesciunt aut soluta illum et. Totam id eos error non et odio ullam. Dolor aliquam porro dolores aperiam hic labore. Voluptatem culpa mollitia perspiciatis sit tempora. Quia ipsa perspiciatis quia in est.', 0, '2019-04-30 19:55:47', '2019-04-30 19:55:47'),
(255, 362, 'Myrtice Gerlach', 'Vel qui consequatur doloremque voluptas enim ea. Suscipit dolorem optio dolores omnis consequuntur delectus et. Minima voluptas sed eos eius nemo quia.', 4, '2019-04-30 19:55:47', '2019-04-30 19:55:47'),
(256, 368, 'Agnes Zulauf', 'Tempora occaecati omnis minus voluptatum. Quis corrupti sint sit laboriosam dolores ipsa unde. Voluptate omnis autem aut non similique rerum odio atque.', 0, '2019-04-30 19:55:47', '2019-04-30 19:55:47'),
(257, 377, 'Prof. Willard Schaefer IV', 'Corrupti labore aut sunt doloribus id. Velit aliquid dolor eveniet omnis vero. Amet consequuntur placeat vel ipsam iusto ipsum aspernatur ab. Accusantium nostrum et blanditiis.', 1, '2019-04-30 19:55:47', '2019-04-30 19:55:47'),
(258, 393, 'Rey Wolff', 'Est quis vitae aliquid magni eos. Reiciendis sint in nemo excepturi et molestiae. Et repellat neque et sequi sit deleniti.', 3, '2019-04-30 19:55:47', '2019-04-30 19:55:47'),
(259, 147, 'Hobart Kuvalis', 'Nobis architecto ut consequatur autem. Incidunt labore excepturi inventore neque. Dolore necessitatibus earum in odit. Ipsa et ut minus rem reprehenderit eveniet. Vel at est eos voluptates iure.', 5, '2019-04-30 19:55:47', '2019-04-30 19:55:47'),
(260, 40, 'Ms. Lyla Grady', 'Excepturi et numquam aut. Libero est sint sit porro accusantium. Nihil aut ut aut sit soluta voluptate. Exercitationem qui ex voluptate eum et rem quos.', 4, '2019-04-30 19:55:47', '2019-04-30 19:55:47'),
(261, 81, 'Joaquin Fay', 'Sunt eaque et architecto dolore eius. Facere omnis aut rerum qui nisi vel et dolores. Dolores illo a quisquam voluptates vero ut sed.', 5, '2019-04-30 19:55:47', '2019-04-30 19:55:47'),
(262, 4, 'August Will', 'Voluptatem et ut vel dolores ipsam vel. Dolorum iste autem eligendi odit neque quia iure. Reprehenderit rem nesciunt ut dicta nostrum non vitae dicta.', 4, '2019-04-30 19:55:47', '2019-04-30 19:55:47'),
(263, 310, 'Golda Dicki', 'Blanditiis autem aut quo asperiores placeat. Sed autem laudantium officiis saepe qui. Excepturi voluptatem distinctio voluptas perferendis tempora sunt unde error.', 4, '2019-04-30 19:55:47', '2019-04-30 19:55:47'),
(264, 310, 'Simeon Russel', 'Enim nihil in non a sed doloremque. Nulla nobis sed consectetur.', 0, '2019-04-30 19:55:47', '2019-04-30 19:55:47'),
(265, 26, 'Addie Weimann', 'Enim error fugiat ex debitis. In sapiente deserunt voluptates sit eos nemo natus. Natus ut voluptatibus ut sit.', 1, '2019-04-30 19:55:47', '2019-04-30 19:55:47'),
(266, 362, 'Prof. Forest Herzog MD', 'Autem cum animi eveniet quo repellendus. Minus voluptatum numquam cumque voluptates eum nulla dolorum. Officia odio ut quia soluta nisi. Veniam quos minima et nihil error est ut dolores. Corporis aspernatur dolor non.', 0, '2019-04-30 19:55:47', '2019-04-30 19:55:47'),
(267, 298, 'Patrick Bogisich', 'Quae dolorem et tenetur laboriosam et vero vitae sed. Sed et ut qui veniam. Fuga animi dolore harum eaque fuga. Minima rerum quae nemo architecto autem a.', 2, '2019-04-30 19:55:47', '2019-04-30 19:55:47'),
(268, 192, 'Susan Auer', 'Aspernatur laudantium nesciunt praesentium maxime omnis dignissimos. Aspernatur inventore nam sint impedit. Consequatur commodi vero voluptatem ut dolorem commodi autem.', 2, '2019-04-30 19:55:47', '2019-04-30 19:55:47'),
(269, 153, 'Mr. Jermey Herman', 'Voluptas iusto qui accusantium et veritatis. Et reprehenderit iure natus aut qui temporibus. Iure excepturi cum ad officiis ut.', 3, '2019-04-30 19:55:47', '2019-04-30 19:55:47'),
(270, 86, 'Dr. Eldora Ruecker MD', 'Aliquid ut voluptas est sint alias laudantium nobis suscipit. Corrupti enim veritatis quas fuga. Odio autem qui aut quibusdam dolore illo libero.', 4, '2019-04-30 19:55:47', '2019-04-30 19:55:47'),
(271, 292, 'Drake Hills', 'Quos et consequatur cumque omnis est. Sit magnam occaecati deserunt temporibus. Minus est est vel in expedita.', 0, '2019-04-30 19:55:47', '2019-04-30 19:55:47'),
(272, 255, 'Scarlett Lockman', 'Quaerat consequatur non mollitia eius. Et provident est voluptas rerum repellat quam deleniti. Enim amet minus cupiditate dolorum voluptatem velit.', 3, '2019-04-30 19:55:47', '2019-04-30 19:55:47'),
(273, 240, 'Miss Annabelle Ankunding III', 'Necessitatibus eligendi corrupti quasi dolor accusamus. Odio culpa doloremque fugiat nesciunt similique necessitatibus. Explicabo exercitationem officia repudiandae nesciunt nemo suscipit.', 3, '2019-04-30 19:55:47', '2019-04-30 19:55:47'),
(274, 236, 'Mrs. Karelle Green', 'Ut ipsum assumenda impedit. Quos neque vel nemo dolores eius quam nulla.', 0, '2019-04-30 19:55:47', '2019-04-30 19:55:47'),
(275, 202, 'Karlee Runolfsson', 'Quisquam illum quo voluptates consequatur voluptate consequatur. Debitis aut excepturi omnis voluptatum. Laudantium laudantium aliquam cum consequatur repellat quia ex voluptatum. Recusandae eveniet rerum sequi quas. Amet rem vero quia dolor nulla suscipit aut.', 1, '2019-04-30 19:55:48', '2019-04-30 19:55:48'),
(276, 24, 'Dr. Alexa Lebsack', 'Sed sit perferendis voluptas consectetur omnis. Consequuntur odio aut veritatis optio debitis quis quasi. Perspiciatis rerum dolorum rerum magni voluptatem. Excepturi unde et in quasi magni consectetur repellat.', 4, '2019-04-30 19:55:48', '2019-04-30 19:55:48'),
(277, 186, 'Aida Stokes', 'Et rerum sed minima dolor itaque porro voluptatem. Nihil quasi animi enim. Eligendi reiciendis quos voluptas architecto et dolorum.', 3, '2019-04-30 19:55:48', '2019-04-30 19:55:48'),
(278, 18, 'Ambrose Gerlach', 'Rem hic similique quia voluptatem doloribus corporis. Commodi commodi nihil aliquid et amet quam. Rerum voluptatibus inventore sint veniam aut molestias. Laborum iste aut placeat consequatur.', 0, '2019-04-30 19:55:48', '2019-04-30 19:55:48'),
(279, 331, 'Mrs. Eileen Fahey Sr.', 'Vitae consequatur sed et sit nulla. Possimus veniam fugiat voluptatibus aut aliquid. Quibusdam voluptas itaque deserunt corporis sit. Ut voluptatibus eum optio facilis error inventore adipisci.', 1, '2019-04-30 19:55:48', '2019-04-30 19:55:48'),
(280, 62, 'Prof. Fernando Koch', 'Nam quia quis dolorum necessitatibus magni suscipit. Quo accusamus aut natus magni eligendi eius qui. Ratione molestiae est voluptatem sit eius nam aut. Ut qui amet autem ratione molestias.', 4, '2019-04-30 19:55:48', '2019-04-30 19:55:48'),
(281, 86, 'Roslyn Reinger', 'Porro minus ipsa voluptates. Totam ut odio et qui necessitatibus adipisci hic quidem. Animi in optio et est.', 4, '2019-04-30 19:55:48', '2019-04-30 19:55:48'),
(282, 216, 'Dr. Joshuah Kunde', 'Nobis iusto qui quis. Quisquam itaque voluptatem praesentium. Voluptas dolores reiciendis qui aperiam odio aperiam cum qui. Dicta dignissimos dolores accusantium debitis et.', 5, '2019-04-30 19:55:48', '2019-04-30 19:55:48'),
(283, 176, 'Tito Krajcik', 'Numquam et assumenda et eveniet. Numquam beatae repellendus sapiente ab. Tempora et et quam excepturi non vitae. Perspiciatis earum labore delectus et quod.', 4, '2019-04-30 19:55:48', '2019-04-30 19:55:48'),
(284, 19, 'Tressie Hammes', 'Id tempora error veniam laboriosam officia. Nulla nulla voluptatem necessitatibus placeat quo. Possimus optio ea facere iste fugit.', 0, '2019-04-30 19:55:48', '2019-04-30 19:55:48'),
(285, 262, 'Jules Ward', 'Et et quia fugiat repudiandae quae hic. Eos dolor rem perspiciatis rerum praesentium error ducimus. Cum recusandae aliquid aliquam maiores.', 4, '2019-04-30 19:55:48', '2019-04-30 19:55:48'),
(286, 50, 'Ms. Ruth Wisozk', 'Eligendi distinctio cum quisquam aut molestiae quia. Veniam perferendis similique consequatur vel et. Quisquam a quod autem occaecati.', 0, '2019-04-30 19:55:48', '2019-04-30 19:55:48'),
(287, 325, 'Mrs. Camylle Jast', 'Enim qui quas alias odio reiciendis officia. Harum beatae consequatur eum labore aliquid reprehenderit. Repudiandae dolorum numquam voluptatem eius dolorem tenetur. Occaecati rerum maiores eum minus quod.', 1, '2019-04-30 19:55:48', '2019-04-30 19:55:48'),
(288, 254, 'Dr. Yasmin King', 'Id dolores temporibus qui quam. Sunt dolorum sit iste enim. Commodi molestiae beatae quisquam blanditiis et sit.', 4, '2019-04-30 19:55:48', '2019-04-30 19:55:48'),
(289, 11, 'Mr. Robert Sanford', 'Et accusantium quisquam provident sit. Rem excepturi ipsum occaecati.', 5, '2019-04-30 19:55:48', '2019-04-30 19:55:48'),
(290, 229, 'Dr. Carmel Halvorson', 'Voluptates eos expedita alias omnis inventore autem omnis vitae. Nemo et est unde vel sequi qui. Assumenda mollitia ea esse repellat et aliquid sint.', 3, '2019-04-30 19:55:48', '2019-04-30 19:55:48'),
(291, 278, 'June McGlynn', 'Veniam ut laudantium in eum consectetur dicta unde. Atque qui deserunt tenetur voluptatem provident aspernatur sed qui. Fuga nobis aliquam eos asperiores nam voluptatem.', 3, '2019-04-30 19:55:48', '2019-04-30 19:55:48'),
(292, 242, 'Erika Lubowitz', 'Eligendi quia non cum cum dolorum voluptatem. Id doloribus nam eum quia et nemo rem libero. Enim qui numquam facere pariatur dolor voluptates praesentium. Repudiandae architecto aspernatur dolorum in.', 0, '2019-04-30 19:55:48', '2019-04-30 19:55:48'),
(293, 31, 'Christy Kihn', 'Fugiat et dolorum veniam dignissimos qui ut quaerat. Facere nobis voluptatum est ab architecto necessitatibus est quia. Qui at in dolores non. Pariatur velit commodi non magnam quis architecto.', 2, '2019-04-30 19:55:48', '2019-04-30 19:55:48'),
(294, 85, 'Kennith Kovacek', 'Voluptas tempore hic suscipit occaecati occaecati. Eos provident omnis dolor debitis sit fugit. Ab et ducimus aspernatur.', 5, '2019-04-30 19:55:48', '2019-04-30 19:55:48'),
(295, 22, 'Dr. Rhianna Ryan', 'Repudiandae et sit et quos. Labore ut dolore tempora consequatur voluptate sit modi. Incidunt totam iste exercitationem blanditiis ducimus provident.', 2, '2019-04-30 19:55:48', '2019-04-30 19:55:48'),
(296, 399, 'Prof. Nicholas Schroeder II', 'Aspernatur provident qui sed accusantium. Quod ducimus dolores ipsa sit. Necessitatibus quasi autem occaecati qui voluptatibus. Id ipsa asperiores et omnis tempora.', 3, '2019-04-30 19:55:48', '2019-04-30 19:55:48'),
(297, 66, 'Cyril Smith DVM', 'Non veniam quibusdam saepe cupiditate aut facilis et. Commodi a velit quisquam qui quaerat quidem. Cumque fugiat veniam deleniti sint laborum.', 1, '2019-04-30 19:55:48', '2019-04-30 19:55:48'),
(298, 87, 'Prof. Devonte Batz', 'Animi soluta saepe veniam nam qui aspernatur. Vel quia modi sunt laudantium aut. Molestiae possimus eos est nemo. Sit accusamus omnis voluptas.', 4, '2019-04-30 19:55:48', '2019-04-30 19:55:48'),
(299, 209, 'Karlee Hintz DVM', 'Eveniet excepturi a incidunt mollitia eveniet eum omnis. Voluptas optio delectus pariatur modi soluta fugit quos. Ratione iure et et ex est molestiae consequuntur. Maxime vel necessitatibus totam incidunt aut enim.', 1, '2019-04-30 19:55:48', '2019-04-30 19:55:48'),
(300, 96, 'Moses Reilly', 'Voluptates ad labore non sed earum. Atque a deserunt dolorem labore molestiae itaque.', 2, '2019-04-30 19:55:48', '2019-04-30 19:55:48');

-- --------------------------------------------------------

--
-- Table structure for table `users`
--

CREATE TABLE `users` (
  `id` bigint(20) UNSIGNED NOT NULL,
  `name` varchar(255) COLLATE utf8mb4_unicode_ci NOT NULL,
  `email` varchar(50) COLLATE utf8mb4_unicode_ci NOT NULL,
  `email_verified_at` timestamp NULL DEFAULT NULL,
  `password` varchar(255) COLLATE utf8mb4_unicode_ci NOT NULL,
  `remember_token` varchar(100) COLLATE utf8mb4_unicode_ci DEFAULT NULL,
  `created_at` timestamp NULL DEFAULT NULL,
  `updated_at` timestamp NULL DEFAULT NULL
) ENGINE=InnoDB DEFAULT CHARSET=utf8mb4 COLLATE=utf8mb4_unicode_ci;

--
-- Indexes for dumped tables
--

--
-- Indexes for table `migrations`
--
ALTER TABLE `migrations`
  ADD PRIMARY KEY (`id`);

--
-- Indexes for table `password_resets`
--
ALTER TABLE `password_resets`
  ADD KEY `password_resets_email_index` (`email`);

--
-- Indexes for table `products`
--
ALTER TABLE `products`
  ADD PRIMARY KEY (`id`);

--
-- Indexes for table `reviews`
--
ALTER TABLE `reviews`
  ADD PRIMARY KEY (`id`),
  ADD KEY `reviews_product_id_index` (`product_id`);

--
-- Indexes for table `users`
--
ALTER TABLE `users`
  ADD PRIMARY KEY (`id`),
  ADD UNIQUE KEY `users_email_unique` (`email`);

--
-- AUTO_INCREMENT for dumped tables
--

--
-- AUTO_INCREMENT for table `migrations`
--
ALTER TABLE `migrations`
  MODIFY `id` int(10) UNSIGNED NOT NULL AUTO_INCREMENT, AUTO_INCREMENT=5;

--
-- AUTO_INCREMENT for table `products`
--
ALTER TABLE `products`
  MODIFY `id` int(10) UNSIGNED NOT NULL AUTO_INCREMENT, AUTO_INCREMENT=401;

--
-- AUTO_INCREMENT for table `reviews`
--
ALTER TABLE `reviews`
  MODIFY `id` int(10) UNSIGNED NOT NULL AUTO_INCREMENT, AUTO_INCREMENT=301;

--
-- AUTO_INCREMENT for table `users`
--
ALTER TABLE `users`
  MODIFY `id` bigint(20) UNSIGNED NOT NULL AUTO_INCREMENT;

--
-- Constraints for dumped tables
--

--
-- Constraints for table `reviews`
--
ALTER TABLE `reviews`
  ADD CONSTRAINT `reviews_product_id_foreign` FOREIGN KEY (`product_id`) REFERENCES `products` (`id`) ON DELETE CASCADE;
COMMIT;

/*!40101 SET CHARACTER_SET_CLIENT=@OLD_CHARACTER_SET_CLIENT */;
/*!40101 SET CHARACTER_SET_RESULTS=@OLD_CHARACTER_SET_RESULTS */;
/*!40101 SET COLLATION_CONNECTION=@OLD_COLLATION_CONNECTION */;
